市区町村名,市区町村コード,経済指標,製造品,小売,卸売,農業,従業者,事業所,課税所得,財政力
北海道 札幌市,01100,48.4,40.1,54.1,44.6,28.5,57.1,62.6,49.1,50.9
北海道 函館市,01202,41.3,40,43.7,43.8,34.5,39.2,41.2,46.4,41.2
北海道 小樽市,01203,38.3,41.1,41.1,41.7,31.1,35.8,33.1,44.3,38.3
北海道 旭川市,01204,43,39.6,43.8,43.8,44.3,44,43.7,48.4,36.7
北海道 室蘭市,01205,38.2,48.5,36.8,41.9,36.7,30.8,31.5,46.6,32.2
北海道 釧路市,01206,44.2,39.7,39.8,43.4,78.9,37.5,38.7,45.9,29.5
北海道 帯広市,01207,52.6,47,47.3,48.3,78.9,48.7,55.4,49.9,45.3
北海道 北見市,01208,51.4,52.8,48.4,45.7,64.9,45.7,51.3,50.1,52
北海道 夕張市,01209,33.5,40.7,32.4,40.3,53.1,20,20,33,28.4
北海道 岩見沢市,01210,45,50.9,46.2,43.4,46.5,43.2,45.1,43.3,41.2
北海道 網走市,01211,49,46.8,46.6,43.4,80,41.8,43,48.4,41.9
北海道 留萌市,01212,37.8,36.4,38.9,46,34.1,30.7,33.9,46.8,35.5
北海道 苫小牧市,01213,50.8,52.2,49.9,48.9,65.2,53.5,61.6,48.5,26.5
北海道 稚内市,01214,45.9,38.8,46.7,44.9,80,32.9,34.5,47.2,42.4
北海道 美唄市,01215,41.4,40.9,39.2,41,43.7,36.7,33.2,44.7,51.8
北海道 芦別市,01216,35.9,41.8,34.6,41.1,39.3,25.5,26.1,39.9,38.8
北海道 江別市,01217,54.2,46,59,54.7,43.2,70.1,73.4,44.4,42.8
北海道 赤平市,01218,36.1,51.2,35.9,40.7,36.5,25.5,24.7,38.7,35.6
北海道 紋別市,01219,47.1,41.3,43.3,45.8,71.6,38.1,42.6,48.7,45.2
北海道 士別市,01220,45.7,38.8,43,46.4,58.8,33.8,38.1,51,56
北海道 名寄市,01221,45.3,40.9,43.6,42.9,57.8,37.1,41.7,51.6,46.5
北海道 三笠市,01222,39.6,49.9,39.8,49.1,43.2,25.9,26.6,40.7,41.4
北海道 根室市,01223,46,38.1,41.9,45.2,80,35.1,40.5,52.4,34.4
北海道 千歳市,01224,62.9,62.4,67.8,52.6,80,63.8,65,52.2,59.6
北海道 滝川市,01225,40.7,37.8,43.5,42.1,36.5,37.3,41,46,41.9
北海道 砂川市,01226,42.1,43,44,45.8,49.1,37.6,37.6,47.1,32.5
北海道 歌志内市,01227,38.4,35.8,31.6,55.9,73.2,21.4,20,36,33.3
北海道 深川市,01228,37.9,38.8,38.5,43,43.9,32.2,28.7,45.6,32.7
北海道 富良野市,01229,50.2,43.1,44.6,43.2,77.1,45.2,43.3,47.7,57.8
北海道 登別市,01230,49.7,37.3,53.3,46.4,80,45.2,48.1,46.2,41.3
北海道 恵庭市,01231,62.3,64.1,55.2,79.1,51.1,67.9,67.7,50.9,62.2
北海道 伊達市,01233,48.9,40.5,49.4,44.7,59.5,53.1,55.8,46.2,42.3
北海道 北広島市,01234,63.1,53.3,80,80,43.6,80,80,43.6,44.5
北海道 石狩市,01235,70.4,80,80,80,49,80,80,44.5,69.9
北海道 北斗市,01236,60.1,39.5,79.3,80,42.3,68.1,74,46.1,51.1
北海道 当別町,01303,51.8,80,42.8,43.3,50.5,54.1,44.6,45.6,53.1
北海道 新篠津村,01304,41.5,39.3,34.8,42,50.2,58.9,31.8,37.8,36.8
北海道 松前町,01331,41.1,40.3,41.2,39.8,39.1,33.2,29.3,56.3,49.6
北海道 福島町,01332,43.7,38.5,38.7,57.3,76,27.2,32.9,52.5,26.5
北海道 知内町,01333,50.9,56.1,43.4,40.6,52.1,49.3,43.1,47.9,74.8
北海道 木古内町,01334,40,37.6,39.8,40.3,47.3,33.5,36.6,49.3,35.5
北海道 七飯町,01337,60.2,75.7,61.2,59.8,59.1,69.1,80,41.8,34.7
北海道 鹿部町,01343,51.4,56.1,38.2,80,80,50.2,41.8,38.2,26.5
北海道 森町,01345,50.6,52.4,45.6,70.6,80,40.6,35.8,47.4,32.7
北海道 八雲町,01346,51.3,53.7,51.3,49.9,74.4,39.7,36.6,52.1,52.4
北海道 長万部町,01347,40.8,52.3,39,42.4,61.4,28.2,30,42,31
北海道 江差町,01361,40.8,36.1,40.8,42.2,33.5,37.6,38.9,50.1,47.5
北海道 上ノ国町,01362,41.7,40.3,48.8,47.4,29.7,33,33.7,53.9,46.9
北海道 厚沢部町,01363,44.6,40.7,44.3,42,58.4,39.4,33.7,51.3,46.6
北海道 乙部町,01364,47.6,38,39.1,80,57.1,32.8,30.8,52.1,50.8
北海道 奥尻町,01367,48.1,35.4,43.5,40,49.5,54.8,42.4,57.7,61.6
北海道 今金町,01370,41.9,36.1,42.1,49.3,57.3,36.5,29.5,44.6,40
北海道 せたな町,01371,42.1,34.4,39.6,48.6,50.9,34.4,31.5,45.8,51.3
北海道 島牧村,01391,40.8,40.1,41.1,42,38.6,37.6,32.7,55.2,39.3
北海道 寿都町,01392,37.1,39.3,38,41.5,30.6,30.5,26.9,47.8,42.6
北海道 黒松内町,01393,49.2,72.7,44.4,49.3,73.9,37.9,34.5,47.9,33.3
北海道 蘭越町,01394,38.4,33.7,37.9,46.6,42.5,38.2,34,42.3,32.1
北海道 ニセコ町,01395,48.3,37,40.5,61.3,48.9,52,56.8,42.4,47.3
北海道 真狩村,01396,43.4,39.9,34,40.3,80,34.5,31.8,44.5,42.5
北海道 留寿都村,01397,54.9,45.4,34.4,40.9,80,80,52,37.2,69.8
北海道 喜茂別町,01398,36.2,36.1,41,41.7,42,27.5,27.3,39.3,35.1
北海道 京極町,01399,47,42.2,47.8,43.4,68.1,50.7,46,40.8,37
北海道 倶知安町,01400,48,48.6,48.7,41.8,63,39.1,43.3,46.4,53.6
北海道 共和町,01401,53.4,41.9,41.9,43,53.5,62.7,56.7,47.7,80
北海道 岩内町,01402,37.5,38.4,37.5,41,31.5,29.8,26.6,50.6,44.7
北海道 泊村,01403,49.6,43.3,43,42,20,71.5,35.3,62,80
北海道 神恵内村,01404,47.1,51.8,39.7,42,36.5,38.4,36.1,71.8,60.5
北海道 積丹町,01405,43.2,37,38.1,75.8,52.2,26.7,25.6,48.4,41.6
北海道 古平町,01406,41.6,43.9,38.3,49.3,46.5,38.7,33.2,47.4,35.2
北海道 仁木町,01407,47.3,80,42.8,43,49.2,41.4,38.6,46.7,36.8
北海道 余市町,01408,41.9,36.3,46.6,45.9,40.4,40,37.6,46.3,41.9
北海道 赤井川村,01409,49.2,53,34.8,42,56.1,36.9,45.9,44.6,80
北海道 南幌町,01423,59.1,80,45,39.7,48.4,80,80,38,61.5
北海道 奈井江町,01424,42.7,72.6,36.6,41.1,42.6,37.6,38,46,27
北海道 上砂川町,01425,33.8,55.4,33.2,40.9,48,20,20,33.2,20
北海道 由仁町,01427,41.2,48.4,36.9,48.3,50.5,40.7,36.3,38.8,29.4
北海道 長沼町,01428,52.7,45.6,43.8,80,45.3,69,56.4,41.1,40.6
北海道 栗山町,01429,41.5,44.5,42.9,42.5,40,41,40.6,42.8,37.3
北海道 月形町,01430,40.5,40.7,37,46.2,53,39.8,29.5,43.2,35.1
北海道 浦臼町,01431,39.6,41.4,31.9,41,48.5,33.4,32.1,42.3,46.5
北海道 新十津川町,01432,48.7,38.1,43.3,77.8,47.1,52.5,40.1,45.7,45.2
北海道 妹背牛町,01433,37.1,40.7,39.8,51.9,39.6,34.1,30.5,35.7,24.5
北海道 秩父別町,01434,43.3,62.1,33.3,48.6,41.4,38.4,40.5,44,38.3
北海道 雨竜町,01436,41.3,40.8,32.4,41.6,43,51.7,37.5,42.7,40.7
北海道 北竜町,01437,38.9,40.2,33.3,40.3,44.7,39.8,33.4,39.5,39.9
北海道 沼田町,01438,38.9,39.2,34.9,41.9,47.1,31,28.8,52.1,36.2
北海道 鷹栖町,01452,54.8,60.4,33.8,41,51.2,64.7,64.8,48.5,73.7
北海道 東神楽町,01453,65.3,57.5,59.2,42.4,71.5,80,80,51.4,80
北海道 当麻町,01454,48.7,36.9,40.8,71.4,54.6,41.4,51,46.3,47.4
北海道 比布町,01455,44.6,40.7,39.5,41.1,47.8,55.3,49.9,44,38.2
北海道 愛別町,01456,43.8,43.2,34.4,70.5,51.5,37.9,30.1,50.5,32.7
北海道 上川町,01457,39.7,33.8,37.8,40.5,80,26.1,26.6,46,27.1
北海道 東川町,01458,54.7,48.1,34.7,80,55.6,50.9,49.3,46.8,72.1
北海道 美瑛町,01459,47.9,44.9,47,42.9,75.6,40.6,41.5,47.5,43.4
北海道 上富良野町,01460,50.4,40.8,39.9,49.2,73.8,43.6,43.3,53.7,58.6
北海道 中富良野町,01461,52.7,42.4,51.3,42,76.1,52.9,45.8,55.5,55.6
北海道 南富良野町,01462,42.7,36.4,35.6,40.4,80,34.2,31.6,50.9,32.6
北海道 占冠村,01463,51.2,37.7,44.5,42,65.4,45.3,44.3,50.6,80
北海道 和寒町,01464,40.9,35.3,35.9,41.4,58.1,35.4,35.3,43.1,43
北海道 剣淵町,01465,42.3,34.9,40.7,45.8,60,39.1,27.7,50.1,40.3
北海道 下川町,01468,40.3,40.2,35,42.5,68,26.2,31,50,29.3
北海道 美深町,01469,43.6,34,40.1,43.5,77.3,30.3,32.1,53.5,38.2
北海道 音威子府村,01470,37.8,35.9,36.6,42,38.6,29.5,32.5,54.7,33
北海道 中川町,01471,39.6,36.5,34.8,42,54,28.8,34.5,50.9,35.2
北海道 幌加内町,01472,38.9,44.8,34.8,42,53.1,31.6,27,48.6,29.5
北海道 増毛町,01481,42.9,55.3,40.6,44.5,37.3,36.8,35.5,50.7,42.6
北海道 小平町,01482,36.9,35.4,33.6,42,43.3,30.3,29.1,44.3,37.2
北海道 苫前町,01483,39.3,35.1,30.3,45.1,52.3,35.4,30.8,46.7,38.5
北海道 羽幌町,01484,40.8,36.3,41.2,42.5,42.7,35.4,34.9,47,46.1
北海道 初山別村,01485,41.9,41.9,33.8,42,62.2,39.9,37.9,43.6,33.8
北海道 遠別町,01486,41.6,38,37.1,44,63.9,31.1,29,52,37.9
北海道 天塩町,01487,43.2,41.6,39.1,54,55.4,32.4,34.7,51.6,36.5
北海道 猿払村,01511,55.5,58.7,45.9,42,80,54,34.9,69.1,59.6
北海道 浜頓別町,01512,45.9,43.8,41.9,44.4,80,34.8,36.6,52.4,32.9
北海道 中頓別町,01513,38.3,33.8,34.8,42,60.6,27.8,24.8,49.9,33
北海道 枝幸町,01514,43.8,40.9,41.2,41.4,66.6,33.1,35,51.9,40.3
北海道 豊富町,01516,49.4,52.2,53.1,44.9,80,39,34.9,50.3,41.2
北海道 礼文町,01517,51.4,52.5,41.8,80,29.1,41.9,42.5,58.9,64.7
北海道 利尻町,01518,42.7,39.1,38.1,50.6,33.9,39.6,36.9,53.1,50.7
北海道 利尻富士町,01519,44.7,46.1,33.2,48.1,40.9,44.2,41,48.3,55.9
北海道 幌延町,01520,51.1,47.6,44.7,44.5,80,33.4,41.7,57.5,59.6
北海道 美幌町,01543,47.2,45.5,43.7,41.1,75,37.8,38.1,50,46
北海道 津別町,01544,44.2,46.7,36.7,50.4,72.5,30.8,29.7,56.1,31.1
北海道 斜里町,01545,46.5,42.3,44.9,42.1,72.2,42.4,43.5,46.4,38.3
北海道 清里町,01546,44.4,37.8,35.4,44.1,80,32.3,31.4,49.9,44.4
北海道 小清水町,01547,45.2,35.8,43.8,40.2,75.4,42.3,42.3,41,41.1
北海道 訓子府町,01549,50.8,62.9,43.1,42.7,80,38.5,37.4,53.1,48.5
北海道 置戸町,01550,41.1,34.3,37.3,44.5,79,25.8,24.7,52,30.9
北海道 佐呂間町,01552,51.5,65.4,40.5,40.4,80,41.6,33.5,55.4,55.1
北海道 遠軽町,01555,45.4,37.4,48.2,41.5,66.6,32.6,30.6,51.4,54.8
北海道 湧別町,01559,48.6,43.3,43.1,49.3,80,40.9,32.1,52.8,47.6
北海道 滝上町,01560,40.4,35.3,36.3,41.4,71.4,26.9,28.2,53.4,30.1
北海道 興部町,01561,46.2,46.2,39.7,48.5,72.5,34.1,35.1,53.3,40.2
北海道 西興部村,01562,42.8,40.5,34.8,42,76.8,33.4,32.9,51.4,30.4
北海道 雄武町,01563,46.7,44.4,44,45.7,80,34.1,33.2,53.7,38.3
北海道 大空町,01564,52.9,49,44.6,44.9,73.1,53.3,42.2,44.8,71.5
北海道 豊浦町,01571,41.1,34.3,39.3,48,52.3,39.2,38.8,43.9,32.9
北海道 壮瞥町,01575,39.8,38.9,43.1,41.3,45.9,47.2,38,42.6,21.1
北海道 白老町,01578,44,41.4,43,44.9,80,38.7,38.4,45.6,20
北海道 厚真町,01581,60.7,80,47.1,78.1,61.2,65.1,44.7,38.8,70.4
北海道 洞爺湖町,01584,39.5,42.7,38.2,47,53.7,36.4,32,45.9,20
北海道 安平町,01585,57.8,58.9,39.4,80,80,41.3,37.7,68.6,56.5
北海道 むかわ町,01586,41.9,39.8,38.5,48.9,52.5,36.6,37.3,45.7,35.6
北海道 日高町,01601,46.8,39.9,47.6,43.9,69.7,39.5,32,54.9,46.8
北海道 平取町,01602,43.2,35.5,31.9,41.6,80,34.3,28.6,52.5,41.3
北海道 新冠町,01604,46,35.3,51.4,59.3,64.6,44,43.9,49.6,20
北海道 浦河町,01607,42.8,38.1,41.3,41.2,55,36.2,32.4,51.1,46.8
北海道 様似町,01608,39.3,41.5,39.9,44.9,47.6,33.7,28.8,48.2,30.1
北海道 えりも町,01609,50.6,52,43.5,80,55.4,44.4,36.2,51.6,41.9
北海道 新ひだか町,01610,44.8,35.2,40.6,45,62.3,40,41,47.5,47.1
北海道 音更町,01631,70.4,51.7,80,69,77.5,80,80,53.3,71.3
北海道 士幌町,01632,55.7,58,53.7,41.6,80,56.8,46.7,56.1,52.9
北海道 上士幌町,01633,47.6,35.7,54.5,45.8,80,34.1,41.4,54.3,34.9
北海道 鹿追町,01634,53.1,35.7,36.4,48.5,80,44.9,52.7,61.3,65.2
北海道 新得町,01635,48.8,39.4,44.8,48.2,80,34.7,37.5,49.3,56.8
北海道 清水町,01636,54.2,39.8,49.3,65.3,80,44.5,48.8,50.7,55.3
北海道 芽室町,01637,65.9,63.8,59.2,76.2,80,71.8,58.3,46.5,71.2
北海道 中札内村,01638,67.6,80,57.1,43.2,78.4,65.8,58.2,78.2,80
北海道 更別村,01639,53.2,41.8,44.6,41.3,80,48.4,41.3,50.8,77.4
北海道 大樹町,01641,51.6,46.8,50.5,46.4,80,45.4,49.6,51.9,42.4
北海道 広尾町,01642,47.9,40.4,40.8,56.9,80,36.7,39.1,55.5,33.7
北海道 幕別町,01643,59.9,49,64.4,47,80,58.5,63.5,50.5,66.5
北海道 池田町,01644,42.6,43.2,40,41.4,61.3,30,36.3,45.5,43.4
北海道 豊頃町,01645,47,37,43.9,40,80,41.8,32.9,50.1,50.6
北海道 本別町,01646,45.4,49.6,41.3,41.2,73.9,31.5,33.5,53.9,38.7
北海道 足寄町,01647,42.8,36.3,41.2,41,77.8,32.2,26.5,55.2,32.2
北海道 陸別町,01648,42.1,34.8,38.3,39.8,80,27.8,26.6,51.1,38.5
北海道 浦幌町,01649,45.4,43.4,39.7,48.3,72.7,34.3,37.3,51.7,35.7
北海道 釧路町,01661,61.5,40.6,80,60.6,49.4,68.4,80,45.6,67.7
北海道 厚岸町,01662,45.8,39.5,40.2,53.3,80,32.9,34.9,53.5,32.4
北海道 浜中町,01663,50.7,66.8,43.9,44,80,43.5,36.8,50.8,39.7
北海道 標茶町,01664,48.4,49.4,38.6,46.8,80,36.7,40.8,53,41.8
北海道 弟子屈町,01665,45.5,44.7,38.7,47.1,80,33.3,38.9,51.4,29.7
北海道 鶴居村,01667,50.7,36.8,41.4,42,80,54.7,53.2,54.6,42.5
北海道 白糠町,01668,48.4,54.9,34.3,43,80,42.4,42.3,47.4,43.3
北海道 別海町,01691,58.1,58.3,46,47.2,80,56.1,56.2,59.5,61.5
北海道 中標津町,01692,62.1,40.1,55.7,80,80,51.2,75.5,54.8,59.5
北海道 標津町,01693,51.1,38.1,41.4,80,80,45.1,50.3,47.3,26.5
北海道 羅臼町,01694,48,52.6,36.5,42.3,80,49.9,48.7,43.2,30.9
青森県 青森市,02201,44.2,40.8,49.9,43.3,38.1,46.2,45.5,47.9,42.2
青森県 弘前市,02202,50.2,58.9,51.3,45.6,46.5,51.2,44.1,50.2,53.8
青森県 八戸市,02203,47.6,46.8,49.7,47.5,44.1,48.1,47.2,48.9,48.4
青森県 黒石市,02204,45.2,49.4,49.4,43.7,43.5,42.7,36.6,44.9,51.7
青森県 五所川原市,02205,46.5,50.4,49.8,42.4,38.1,46.4,46.4,47.3,51.2
青森県 十和田市,02206,48.2,51,48.9,44,46.2,50.4,46.3,52.3,46.6
青森県 三沢市,02207,56.7,80,47.1,45.6,78.4,48.5,43.6,56.9,53.3
青森県 むつ市,02208,48.3,35.9,52.7,52.3,44.4,42,43.3,52.5,63.2
青森県 つがる市,02209,53.1,49.4,64.4,55.1,46.2,55.1,40.5,45.8,68.1
青森県 平川市,02210,54.2,80,55.4,50.1,41.5,55.3,40.2,49,61.9
青森県 平内町,02301,43,44.7,41.2,46.1,32.4,42.6,42.4,48,47
青森県 今別町,02303,38.4,37.2,42.5,41.3,41.8,27.5,28,48.7,40.3
青森県 蓬田村,02304,48.1,43.5,53.5,42,54.6,58.8,34.8,49,48.7
青森県 外ヶ浜町,02307,36.2,35.1,37.8,42.2,31.9,28,28,49.1,37.2
青森県 鰺ヶ沢町,02321,44.3,38.6,51.5,53.9,39.1,40.2,37.9,49.8,43.6
青森県 深浦町,02323,41.5,37.8,40.4,43.9,42.3,38.7,39.9,51.8,36.7
青森県 西目屋村,02343,41,39.3,40.6,42,40.8,34.1,47.1,37.5,46.4
青森県 藤崎町,02361,51.6,53.7,65,42.1,40.8,54.3,41.9,47.4,67.2
青森県 大鰐町,02362,42.6,46.4,43.4,45.8,41.6,38.1,29.8,49.1,46.3
青森県 田舎館村,02367,49.9,52.6,43.8,65.3,39.8,45,47.4,48.6,57.1
青森県 板柳町,02381,48.6,57,46,59.4,43.7,45.6,41.1,43.6,51.9
青森県 鶴田町,02384,52,73.4,50.6,48.2,42.1,52.6,39.6,44.8,64.6
青森県 中泊町,02387,46.9,35.4,43.2,73.6,38.8,42.2,35.5,45.6,60.8
青森県 野辺地町,02401,43.3,46.9,44.7,45.8,41.5,40.2,43.9,43.7,39.6
青森県 七戸町,02402,49.5,53.5,50.3,56.2,43.1,46.4,39.5,45.9,61
青森県 六戸町,02405,60.2,80,41.2,47.6,64.2,76.1,61.3,53.9,57
青森県 横浜町,02406,54.8,80,44,60.5,80,54.5,41.4,49.1,29.1
青森県 東北町,02408,59,80,60.3,56.1,59.7,64.2,48.3,46.8,56.4
青森県 六ヶ所村,02411,69.9,80,55.1,80,66,80,78.4,39.4,80
青森県 おいらせ町,02412,67.2,51.2,80,65.3,64.8,80,62.6,53.4,80
青森県 大間町,02423,52.5,40.9,49.7,47.7,27,60.2,51,63.3,80
青森県 東通村,02424,56.5,80,47.1,42,34.7,66.6,45.1,56.5,80
青森県 風間浦村,02425,38.9,37.8,34.8,42,20,37.4,33,57.3,49
青森県 佐井村,02426,42.4,51,41.7,42,34.3,38.5,34,49.1,48.5
青森県 三戸町,02441,49.7,71.8,45.2,45.1,64.8,44.5,35.8,43.9,46.8
青森県 五戸町,02442,49.4,58.1,47.2,42.2,54,45.6,41.4,50,56.6
青森県 田子町,02443,52.8,80,46.7,53.6,65.3,40.1,36.4,51.1,48.9
青森県 南部町,02445,47.9,44.7,46,42.5,53.6,44.7,40,47.8,63.9
青森県 階上町,02446,68.3,80,80,80,42.5,80,72.1,41.8,70.2
青森県 新郷村,02450,46.4,37.2,53,42,60.2,39,42.9,48.8,47.7
岩手県 盛岡市,03201,50.8,43.7,49.8,44.1,65.4,52.2,55.4,50,45.9
岩手県 宮古市,03202,41.7,43.8,47.6,42.3,34.1,38.7,39.2,43.5,44.1
岩手県 大船渡市,03203,44.4,39.9,47.5,44,33.5,41.6,44.7,49,54.8
岩手県 花巻市,03205,48.2,55.6,47.3,43.2,38.1,46.9,44.6,49.8,59.7
岩手県 北上市,03206,60.4,74.6,64.5,50.5,54.6,64.7,59.2,51.8,63.4
岩手県 久慈市,03207,58.7,59.2,54,44.7,76,51.4,56.8,47.3,80
岩手県 遠野市,03208,47.7,70,47.4,41.4,39.6,44.2,38.5,43.9,56.7
岩手県 一関市,03209,48.2,51,46.6,43.7,47,46.1,43.2,49.6,58.8
岩手県 陸前高田市,03210,47.2,52.5,51.2,53.2,33.9,41.2,42.2,47.6,55.9
岩手県 釜石市,03211,36.1,40.6,39.5,43.5,26.8,31,35.3,40.5,31.6
岩手県 二戸市,03213,50.5,48.8,49,46.2,52.9,48.3,41.7,46,71.3
岩手県 八幡平市,03214,52.4,56.6,54,48.6,53.9,45.9,45.5,48,66.5
岩手県 奥州市,03215,49.2,58.2,49.1,43.2,40.2,46.7,41,50.9,64
岩手県 滝沢市,03216,70,71.4,80,80,50.4,80,80,47.8,70.5
岩手県 雫石町,03301,53.9,53.2,45.7,65,55.6,54.9,51.5,46.5,58.4
岩手県 葛巻町,03302,52,53.3,41.4,66.4,80,43,35.5,42,54.7
岩手県 岩手町,03303,52.9,54.5,52.5,46.4,71.4,48.7,39.6,45.7,64.8
岩手県 紫波町,03321,53.4,44.3,57.6,64.6,40.3,59.2,48.2,54.5,58.9
岩手県 矢巾町,03322,65.3,39.7,80,80,45.5,80,80,56,61.2
岩手県 西和賀町,03366,44.9,43.1,48.3,48.4,46.3,35.5,35.4,50.1,52
岩手県 金ケ崎町,03381,68.2,80,76.6,80,44.6,80,50.3,54,80
岩手県 平泉町,03402,49.8,55.6,49.2,46.4,35.9,50.9,51.2,53.9,55.1
岩手県 住田町,03441,45.6,49.1,45.2,41,63.1,44.2,32.2,48.6,41
岩手県 大槌町,03461,43.2,46,49.9,42.1,27.9,43.4,37.6,44.4,53.9
岩手県 山田町,03482,44,41,45.1,44.2,41.5,42.3,38.3,46.9,52.9
岩手県 岩泉町,03483,39.5,40.9,38.6,42.4,50,34.9,30.6,40.6,38
岩手県 田野畑村,03484,48.7,60.7,34.8,42,80,44.3,34.8,43.6,49.5
岩手県 普代村,03485,47,61.3,36.5,42.9,72,37,32.5,46.6,47.1
岩手県 軽米町,03501,54.9,50.2,49.8,59.5,72.8,57.3,38.9,49.6,61.1
岩手県 野田村,03503,51.7,37.5,43.4,59.4,73.5,48.7,43.6,50.1,57.5
岩手県 九戸村,03506,54.6,62,37.3,57.2,80,52.1,40.8,49,58.8
岩手県 洋野町,03507,51.6,40.1,47.2,42,80,53.2,45.6,46.1,58.8
岩手県 一戸町,03524,51.1,50.7,46.9,44.7,57.6,46.1,41.7,46.2,74.7
宮城県 仙台市,04100,50.6,49.1,56.7,45,42.4,59.6,66.5,50.5,35.5
宮城県 石巻市,04202,44.2,44.3,50.9,43.8,37.6,43.4,41.2,46.5,45.7
宮城県 塩竈市,04203,39,38.1,41.7,42.6,23.8,34,34.5,46,51.3
宮城県 気仙沼市,04205,41.8,45.9,47.7,43.7,32.1,39.2,37.2,44.8,43.7
宮城県 白石市,04206,46.1,57.8,50.5,44.7,42.2,41.3,40.7,51.9,39.9
宮城県 名取市,04207,60.7,53.2,80,50,38.6,80,75.7,55.8,52.4
宮城県 角田市,04208,54.2,79.9,49.1,48.3,35.4,55.8,47.6,56.1,61.5
宮城県 多賀城市,04209,51.5,42,78.5,49.4,32.4,55.9,61.1,51.2,41.5
宮城県 岩沼市,04211,51.3,50.2,52.7,49.6,34.5,62.4,69.7,51.5,39.5
宮城県 登米市,04212,54.2,71.5,53.8,42.7,42.7,52.5,48.1,51.5,70.9
宮城県 栗原市,04213,46.5,48.1,50.2,42.9,41.2,41.9,34.8,49,64
宮城県 東松島市,04214,53.1,48.4,67.1,51.4,36.5,60.9,50.5,50.2,59.8
宮城県 大崎市,04215,51.2,55.7,55,44.1,37.8,55.4,48.4,51.3,62.2
宮城県 蔵王町,04301,57.4,76.5,66,46.9,50.8,57,50.1,52.8,58.9
宮城県 七ヶ宿町,04302,43,38.4,37.9,42,45.1,28.9,26.8,44.7,80
宮城県 大河原町,04321,53.1,43.6,61.7,41.1,44,63.8,62.9,50.1,57.8
宮城県 村田町,04322,57.3,80,58.9,70.2,33.5,56,49.9,49.9,60.3
宮城県 柴田町,04323,50.4,59.4,54.1,45.1,32.7,53.8,57.4,54.3,46.7
宮城県 川崎町,04324,51.5,64.2,46.2,80,38.9,51.3,55.2,48.8,27.2
宮城県 丸森町,04341,49.2,80,44.6,43.6,41.2,41.5,33.6,56.9,52.3
宮城県 亘理町,04361,58,75,61.6,48.5,46.5,65.6,52.9,49.8,63.9
宮城県 山元町,04362,49.6,57.6,45.3,59,41.1,47,48.8,51.9,46
宮城県 松島町,04401,48.6,80,41.3,42.3,42.9,47.3,39.7,50,45.4
宮城県 七ヶ浜町,04404,51,42.5,58,49.5,38.2,59.1,60.6,48.1,52.2
宮城県 利府町,04406,70.7,80,80,80,31.8,80,80,53.8,80
宮城県 大和町,04421,61.6,80,55.2,47.5,34.6,80,64.6,55,76.2
宮城県 大郷町,04422,51.7,56.6,55.8,41.5,35,62.3,38.4,55.3,68.6
宮城県 富谷町,04423,65.5,49.3,80,80,39,80,80,58.6,57.4
宮城県 大衡村,04424,70.2,80,80,80,39.5,80,70.8,51.8,80
宮城県 色麻町,04444,60.3,80,31.4,44.2,80,74.2,60.2,51,61.5
宮城県 加美町,04445,48.3,58.6,52.3,45.6,41.7,45.3,35.9,53.1,54.3
宮城県 涌谷町,04501,49.2,80,45.8,45.1,40.5,43.3,43.4,45.8,50.1
宮城県 美里町,04505,47.1,42.5,53.7,42.5,35.4,45.5,45.5,52.6,59.1
宮城県 女川町,04581,42.6,42.3,37.9,41.4,20,37.9,32.5,48.8,80
宮城県 南三陸町,04606,50.9,67.3,49.7,45.3,44.1,46.6,39.5,48.3,66.5
秋田県 秋田市,05201,45,43.1,49,44.6,33.4,48.8,52.7,48.8,39.5
秋田県 能代市,05202,44.2,44.4,45.3,43.1,39.9,38.7,37.6,50.2,54.7
秋田県 横手市,05203,48.7,64.8,49.2,43.6,42.7,46.3,37.3,45.8,59.8
秋田県 大館市,05204,43.7,54.1,45,44.2,38.2,39.5,37.6,46.1,45.1
秋田県 男鹿市,05206,45.3,34.7,56.7,44,36.9,36.7,32.7,46.1,74.4
秋田県 湯沢市,05207,45.7,49.8,45.9,41.6,43.3,43,39.8,46.8,55.3
秋田県 鹿角市,05209,43,47.5,44.1,41.8,42.7,38.2,34.9,44.6,50.1
秋田県 由利本荘市,05210,48.5,57.6,51.6,42.7,36.6,46.5,40,51.7,61.4
秋田県 潟上市,05211,50.2,46.7,59.4,47.8,35,49.3,45.5,54.3,63.6
秋田県 大仙市,05212,49.7,55.7,52,42.4,38.8,50.1,41.3,51.3,66.2
秋田県 北秋田市,05213,42,43.5,45.3,40.5,37.1,36.3,35.2,47,51.3
秋田県 にかほ市,05214,52.1,79.2,53.2,58.9,33.9,47.5,37.7,54.7,52
秋田県 仙北市,05215,41.4,40.7,45.3,42,42.8,37.7,34.8,48.2,39.8
秋田県 小坂町,05303,42.2,39.8,42.5,40.7,80,27.5,34.9,38.5,33.9
秋田県 上小阿仁村,05327,35.3,34.6,39.2,42,35.6,25.9,25.3,45.2,34.8
秋田県 藤里町,05346,36.6,38.4,34.8,42,33.8,30.6,36.7,44.4,31.8
秋田県 三種町,05348,44.1,44.8,47.4,44.2,39,40.8,32.7,45.1,58.9
秋田県 八峰町,05349,42.1,37.9,44.7,42.3,39.3,41.1,31.3,53.9,45.9
秋田県 五城目町,05361,40.7,38.3,48.4,45.2,35.4,34.5,30.5,53.7,40
秋田県 八郎潟町,05363,42.9,41,45.6,41.9,36.7,36.9,33.7,50.7,56.8
秋田県 井川町,05366,46.4,45.7,64.7,43.5,35.3,46.5,34.9,52.1,48.2
秋田県 大潟村,05368,55.5,39.3,36.6,49.9,56.3,80,80,43.5,58.7
秋田県 美郷町,05434,51.4,69.9,45.7,52.7,37.7,53.4,36.2,51.5,64
秋田県 羽後町,05463,47.9,64,44.8,40.9,46.9,42.2,35.9,53.5,55.4
秋田県 東成瀬村,05464,43.8,40.9,43.2,42,37.9,41.6,36.1,52.1,56.6
山形県 山形市,06201,46.7,41.8,52.2,45.4,35.9,49.4,52.8,53.8,42.4
山形県 米沢市,06202,51,80,48.9,43,41.2,45.9,44.1,51.3,53.4
山形県 鶴岡市,06203,47,64,46.5,42.5,39.4,46.8,39,50.1,47.4
山形県 酒田市,06204,43.4,48.5,46,43.7,39.3,41.7,40,47.1,40.8
山形県 新庄市,06205,45.1,48.1,48.5,42.4,40.6,41,45.9,47.1,47.1
山形県 寒河江市,06206,52.5,60.5,56.7,46.4,43.1,51.3,49.1,53.8,58.8
山形県 上山市,06207,47.3,50.6,45.9,45.7,45.7,42.8,40.9,51.3,55.6
山形県 村山市,06208,46.2,55.4,41.7,43.4,43,43.4,36.9,54,51.5
山形県 長井市,06209,46.3,48.6,47.3,46.6,38.9,41.5,42.3,52.6,52.7
山形県 天童市,06210,56.4,55.1,62.9,58,47.1,63.7,57.4,53.2,53.7
山形県 東根市,06211,62.1,80,68.6,58.1,54.7,67,50.5,52.9,65.3
山形県 尾花沢市,06212,52.9,67.4,49.7,45.9,48.7,51.3,42.4,58.5,59
山形県 南陽市,06213,47.9,44.8,50.8,40.7,44.5,44.6,40.8,52.6,64.7
山形県 山辺町,06301,44.1,35.5,44.3,40.5,44.8,34.9,36.4,55.7,60.5
山形県 中山町,06302,46.8,41.7,55.4,41.9,39.7,44.9,33.6,52.7,64.1
山形県 河北町,06321,48.2,53.7,45.4,49.3,38.6,44.3,36.4,53.7,63.9
山形県 西川町,06322,42.2,41.6,34.9,49.3,29.3,34.1,30.9,52.3,65.1
山形県 朝日町,06323,43.3,40.9,39.2,50.3,40.2,33,32.3,56.9,53.8
山形県 大江町,06324,40.9,49.8,41.9,40.6,35.9,34.6,28.4,49.7,46.2
山形県 大石田町,06341,47.7,54.7,42,48.8,41.6,45,39.3,54.4,55.9
山形県 金山町,06361,43.5,46.6,34.2,45.2,41.5,41.8,40.3,50.2,48.1
山形県 最上町,06362,44.5,55.9,47.1,42,44.8,43.5,32.9,49.7,40.3
山形県 舟形町,06363,50.2,51.1,38.5,80,42.4,42.4,36.9,52.9,57.2
山形県 真室川町,06364,42.2,43,47.5,40.6,43.4,37.1,34.3,52.6,39.2
山形県 大蔵村,06365,42.8,35.9,47.3,40.5,44.8,42,36.8,49.8,45.6
山形県 鮭川村,06366,47,54.5,34.8,42,48.2,50.3,42.3,55.8,48.1
山形県 戸沢村,06367,43.9,54.2,34.8,42,38,45.7,41.7,52.3,42.7
山形県 高畠町,06381,53,57.8,50.2,74.2,41,47.8,41.8,56.4,55.1
山形県 川西町,06382,47.5,62.9,48.6,48.7,38.1,50.7,35.3,52.9,42.7
山形県 小国町,06401,44.9,45.6,43,56.3,40.2,35.6,38,44.5,56.3
山形県 白鷹町,06402,47.8,54.3,50.8,41.8,42.9,45.3,38.6,57,51.3
山形県 飯豊町,06403,52.3,80,48.6,57.7,45.2,46.4,36.4,54.8,49.6
山形県 三川町,06426,58.8,64.5,80,63.4,37,62.7,54.7,47,61.1
山形県 庄内町,06428,43.3,47.2,43.4,58.3,38.1,39,33.2,45.3,42.2
山形県 遊佐町,06461,43.2,45.6,46.8,48.2,39.9,40,33.2,49.7,42.3
福島県 福島市,07201,49.4,55.3,50.1,44.9,44.3,48.9,50.6,52.5,48.6
福島県 会津若松市,07202,46,49.1,49,44.4,39.6,44.4,41.9,49.5,50.3
福島県 郡山市,07203,53.2,63.3,54.6,47.3,37.9,57.4,60.1,52.1,53
福島県 いわき市,07204,47.5,50.1,50.9,49.5,33.2,46.1,45.7,51.9,52.4
福島県 白河市,07205,52.2,77.4,46.1,45.7,39.9,50.5,47.2,50.5,60.4
福島県 須賀川市,07207,52.8,51.5,57.8,47.1,41.1,54.3,53,51.7,66
福島県 喜多方市,07208,47,45,48.8,44.1,38.9,40.8,39.2,50.7,68.8
福島県 相馬市,07209,57.9,70.8,54.9,47.2,63.6,52.1,48.8,55.2,70.4
福島県 二本松市,07210,51.7,54.7,52.2,46.3,39.1,48.7,44.7,50.5,77.9
福島県 田村市,07211,53.5,56.8,63.1,49.4,37.6,50.8,42.1,51.1,77
福島県 南相馬市,07212,50.8,44.5,49.8,47.3,35.6,49.2,50.4,53.8,75.8
福島県 伊達市,07213,51.3,56,48.6,46.5,44.8,45.3,39.3,53.9,76
福島県 本宮市,07214,59.9,80,57.8,62.2,35,59.3,51.7,52.8,80
福島県 桑折町,07301,50.1,53.1,47,42.7,49.5,48.5,45,52.1,63
福島県 国見町,07303,51.8,60.5,56.3,41.9,54.8,46.9,38.3,57.1,58.6
福島県 川俣町,07308,45.7,52.4,48,43.4,45.7,34.9,32.1,52.7,56.4
福島県 大玉村,07322,64.6,78.1,61.8,70.9,44.7,68.3,61.2,53.5,78.7
福島県 鏡石町,07342,60.2,51.8,71.8,80,50,55.5,48.8,50.9,72.8
福島県 天栄村,07344,44.5,51,33.9,42,37.5,50.3,38.1,54.3,48.7
福島県 下郷町,07362,47.7,50.8,51.1,41.4,32.8,39.6,37.7,47.9,80
福島県 檜枝岐村,07364,45.9,39.3,49.3,42,68.5,39.6,51.2,49.3,28.1
福島県 只見町,07367,42.7,72.4,35.3,42.9,48.3,31.5,32.2,48.9,30.2
福島県 南会津町,07368,47,43.3,54,44.6,40.3,37.8,38.8,50.2,66.7
福島県 北塩原村,07402,48.9,47,58.3,42,40.7,51.1,57.7,51.9,42.6
福島県 西会津町,07405,47,62.8,44.5,55.6,35.8,41.7,31.6,45.4,58.5
福島県 磐梯町,07407,44.8,53.4,37.9,40.3,46.2,46.2,40.8,40.6,53.3
福島県 猪苗代町,07408,43.6,41,49.2,46.2,38.4,40.6,34,48.3,51.1
福島県 会津坂下町,07421,47,51.6,52.7,42.4,38.7,42.4,40.5,52.7,54.6
福島県 湯川村,07422,56.3,80,37.7,55.1,39.9,63.2,57.1,59.5,58.2
福島県 柳津町,07423,46.1,71.3,35.3,44,36.1,37.7,30.4,51.8,62.6
福島県 三島町,07444,33.5,36.3,37.3,40.3,31.7,27.2,25.7,45.4,23.7
福島県 金山町,07445,34.8,34.8,37.4,52.3,31,25.9,21.9,43.3,31.7
福島県 昭和村,07446,39.8,42.3,40,42,44,27.8,23,52.2,47.5
福島県 会津美里町,07447,44.8,43.4,44.3,43.6,40.2,36.1,33.2,54.8,62.4
福島県 西郷村,07461,72.8,80,80,80,49.2,80,80,53.1,80
福島県 泉崎村,07464,66.2,80,40.6,80,45.5,80,62.1,61.2,80
福島県 中島村,07465,58.1,80,40.2,80,47.1,56,52.6,54.8,54.1
福島県 矢吹町,07466,59.7,75.6,68.9,68.7,43.5,57.3,55.7,49.6,58
福島県 棚倉町,07481,52,67.2,58.4,42.4,37.4,45.7,45.2,50.3,69.5
福島県 矢祭町,07482,54.1,80,43.7,40.6,48.6,51.5,36,51.9,80
福島県 塙町,07483,47.1,48,45.4,41.9,44.8,42,42.6,49.1,63.1
福島県 鮫川村,07484,52.3,63.4,33.5,44.2,65.2,51.9,39.4,54.6,66
福島県 石川町,07501,45.7,49.4,45.7,43,41.6,41.1,44.2,47.9,52.7
福島県 玉川村,07502,69.1,80,69.3,80,48.5,72.3,66.9,55.7,80
福島県 平田村,07503,56.4,80,34.4,42.3,52.6,62.3,49.2,53.8,76.2
福島県 浅川町,07504,53.4,65.8,51.2,44.5,42.7,44.5,44,56.7,77.7
福島県 古殿町,07505,45,50.4,41,42.8,36.5,42.9,37.3,48.4,60.5
福島県 三春町,07521,48.1,51,42.4,51,30.9,43.8,38.8,50.8,76.4
福島県 小野町,07522,45.6,43.9,51.2,40.4,34.8,41.8,41.3,46.6,64.9
福島県 広野町,07541,61.1,80,46.6,57.6,29.2,71.7,61.3,62.3,80
福島県 楢葉町,07542,57.6,58.1,37.6,58.5,39.8,79.2,47.4,60.4,80
福島県 富岡町,07543,63,44.9,66.6,58.7,43.8,75.6,73.4,61,80
福島県 川内村,07544,49.7,45.6,46.1,42,50.8,41,37.4,54.9,80
福島県 大熊町,07545,61.6,80,61.8,64.2,40.8,75.7,67.9,74.2,28.2
福島県 双葉町,07546,48.7,45.4,43.7,52.3,29,37.7,41.8,59.6,80
福島県 浪江町,07547,52.9,59.5,50.9,46.7,39.8,51,51.2,52.5,71.5
福島県 葛尾村,07548,49.2,36.5,32.4,42,72.3,52,47.8,44,66.7
福島県 新地町,07561,57.9,56.8,67,47.4,40.1,59.1,54.7,57.8,80
福島県 飯舘村,07564,53,77.7,34.8,42,53.1,51,39.6,47.8,78.3
茨城県 水戸市,08201,48.9,43.8,47.3,48.3,42.2,55.7,57.4,52.6,44
茨城県 日立市,08202,46.4,47.7,44.8,49.7,33.5,42,44.1,55.4,53.5
茨城県 土浦市,08203,51.4,56.6,50.6,48.3,44.2,56.4,52,53.3,49.5
茨城県 古河市,08204,52.8,51.1,56.3,48.1,46.6,58.4,57.4,51.9,52.3
茨城県 石岡市,08205,52.5,62.1,51.4,45.1,45.1,53.2,48.1,51.9,63.4
茨城県 結城市,08207,57,62.7,52.6,50.8,52,63.2,52.3,49.9,72.2
茨城県 龍ケ崎市,08208,60.7,60.6,72.2,49.4,39.6,72.7,74.9,57.9,58.4
茨城県 下妻市,08210,56.2,49.4,64.2,47.5,45.4,58.6,51.6,54.6,78.2
茨城県 常総市,08211,58,80,51,46.7,38.5,63.8,48.7,55.3,80
茨城県 常陸太田市,08212,47.7,47,48.9,42.6,32.3,41.3,37.2,56,76.1
茨城県 高萩市,08214,49.9,54.1,54.8,42,46.5,45.1,45.1,51.8,59.8
茨城県 北茨城市,08215,56.9,73.3,58.3,44.1,38.7,57.1,48.4,55.5,80
茨城県 笠間市,08216,56.1,68.4,57,50.3,36.2,58.5,51.2,51.3,75.7
茨城県 取手市,08217,64.5,48.1,55.7,70.7,71.1,80,80,49.2,61
茨城県 牛久市,08219,68,76.8,80,52.1,38.6,80,80,56.5,80
茨城県 つくば市,08220,73.7,79.1,80,80,40.8,80,80,69.7,80
茨城県 ひたちなか市,08221,59.6,53.9,66.8,57.9,59,60.5,66.9,55.6,56.4
茨城県 鹿嶋市,08222,53.1,42.9,65.7,49.7,42.2,47.7,61.9,52.1,62.7
茨城県 潮来市,08223,50.1,65,51.3,41.7,46.9,46.5,38.9,50.7,60
茨城県 守谷市,08224,72.5,80,80,77.8,39.5,80,80,62.8,80
茨城県 常陸大宮市,08225,58.8,66.1,61.3,72.1,39.3,54,42.2,55.6,80
茨城県 那珂市,08226,66,51,80,80,32.4,80,68.2,56.4,80
茨城県 筑西市,08227,52.2,57.2,49.4,45.2,46,52.3,45.1,52.2,69.9
茨城県 坂東市,08228,59,55.3,56.6,51.2,63,63.9,57.7,53.8,70.4
茨城県 稲敷市,08229,61.1,80,64.3,53.3,41,61.1,53.5,55.7,80
茨城県 かすみがうら市,08230,53.6,62.5,68.3,58.1,37.4,47.5,38.7,52.1,64.5
茨城県 桜川市,08231,53.2,57.3,51.8,65.7,41.8,47.8,38.1,53.8,69.4
茨城県 神栖市,08232,64.5,51.7,77.8,54.6,74.5,80,77.6,52.9,46.8
茨城県 行方市,08233,57.6,65.7,59.3,59.4,55.3,56.8,40.7,51.7,71.6
茨城県 鉾田市,08234,62.1,73.2,58,51.3,80,60.6,47.7,46.2,80
茨城県 つくばみらい市,08235,71.2,79.8,80,80,37.9,80,78.7,61.2,71.9
茨城県 小美玉市,08236,65.7,53.6,72,79.1,55.7,79.4,60.7,52.9,72.3
茨城県 茨城町,08302,65.4,48.9,80,80,56.6,69.5,57.3,54.1,76.6
茨城県 大洗町,08309,54.5,48.5,48.6,73.4,47.8,53.1,50.9,55.7,58.1
茨城県 城里町,08310,58.7,80,52.4,77,34.9,48.9,39.1,57.3,80
茨城県 東海村,08341,65.8,53.7,80,63.7,43.7,74.8,75.1,55.5,80
茨城県 大子町,08364,46,51.7,45.1,43.1,40.1,38.4,34,52.1,63.9
茨城県 美浦村,08442,68.3,80,80,43,34.9,80,80,68.7,80
茨城県 阿見町,08443,66.4,80,80,43.5,34.2,80,80,53.3,80
茨城県 河内町,08447,51.6,57.3,41.3,50,44.2,49.6,40,54.4,76.4
茨城県 八千代町,08521,63.5,77.9,55.7,61.1,54.7,69.3,52.4,56.7,80
茨城県 五霞町,08542,55.6,50.6,35.9,42.3,39.6,79.8,62.5,66.9,67.4
茨城県 境町,08546,52.3,47.8,57.7,49.7,51.5,51.5,41.4,55.6,63.5
茨城県 利根町,08564,57.6,54,67.4,42.2,37.6,72.5,68.4,45.9,72.8
栃木県 宇都宮市,09201,52.6,62.8,54.1,49.1,44.8,56.1,54.2,55.5,44.3
栃木県 足利市,09202,44,41.8,48.5,42.7,41.4,42.1,36.4,55.5,43.7
栃木県 栃木市,09203,49.9,56.1,49.6,47.7,48.2,49.3,47,53.7,47.7
栃木県 佐野市,09204,47.2,43.1,58,45.9,36.6,46.8,40.5,54.6,51.8
栃木県 鹿沼市,09205,52,54.2,54.2,57.6,44.6,53.5,49.2,53.4,49.3
栃木県 日光市,09206,48.6,56.2,45.4,43.8,55,41.5,41.3,50.1,55.1
栃木県 小山市,09208,53.1,47.2,58.8,51.9,46,57.2,60.1,54.8,49.2
栃木県 真岡市,09209,58.3,64,64.3,51.8,51.8,62.8,54.6,55,61.9
栃木県 大田原市,09210,58.5,80,56.1,47.1,55.7,59.7,46.8,55.7,66.7
栃木県 矢板市,09211,53.9,71.5,54.8,47.6,47.6,50.1,47.2,55,57.3
栃木県 那須塩原市,09213,59,58.9,58,53.3,69.8,63.2,64.8,49.3,54.5
栃木県 さくら市,09214,61.8,80,54.1,64.9,56.4,64.8,46.7,52.4,75.2
栃木県 那須烏山市,09215,47.2,46.5,45.4,42.7,55.2,40.6,40.1,56.1,50.8
栃木県 下野市,09216,61.4,62.9,58.1,49.3,44.7,68,58.9,69.2,80
栃木県 上三川町,09301,56.4,52.4,80,73.5,46.8,49.4,64.2,56.7,28.4
栃木県 益子町,09342,46,39.1,46.5,56.3,35.8,40.6,46.4,54.7,48.3
栃木県 茂木町,09343,43.3,41.1,40,44.9,32.4,33.9,34.2,53.6,66.4
栃木県 市貝町,09344,62.7,80,43.7,41.6,66.3,72.5,55.2,62.6,80
栃木県 芳賀町,09345,65.1,80,46.5,80,52.8,80,46.5,55,80
栃木県 壬生町,09361,55.1,45.7,60.8,55.1,44.8,62.4,60.7,58.2,53
栃木県 野木町,09364,59.5,53.6,80,42.8,47.1,62.8,71,60.1,58.3
栃木県 塩谷町,09384,46,55.6,43.7,41.8,45.1,46.6,35.1,55.1,45.1
栃木県 高根沢町,09386,64.6,41.2,74.1,72.2,48.3,80,56.6,64.2,80
栃木県 那須町,09407,58.7,80,54.2,54.8,65.8,57,54.9,52.6,50.3
栃木県 那珂川町,09411,47.9,57.4,51,44.8,41.1,40.3,37.4,54.3,56.8
群馬県 前橋市,10201,50.6,47.4,49.8,52.7,46.6,51.4,49.7,56.2,50.9
群馬県 高崎市,10202,51.2,46.5,53.5,49.7,36.2,53,52.6,57.1,61.2
群馬県 桐生市,10203,44.4,40.8,41.6,41.1,54.5,36.4,32,58.3,50.1
群馬県 伊勢崎市,10204,57.1,65.7,60.4,48.8,42,62,52.5,57.1,68.5
群馬県 太田市,10205,61.7,72,64.3,50,40.7,69.3,66.3,57.9,73.1
群馬県 沼田市,10206,49.4,45.9,46.3,44.6,54.2,44.8,43,52.1,64.6
群馬県 館林市,10207,52.4,55.8,59.4,52.6,36.1,53.4,46,56.2,59.5
群馬県 渋川市,10208,52.5,55.9,49.5,45.7,47,47.5,47.9,53.8,73.2
群馬県 藤岡市,10209,50.4,51.6,57.9,49.8,36.4,52.3,46.9,52,56.3
群馬県 富岡市,10210,51.3,59.6,48.3,46.6,34.1,51.7,50.3,55.7,63.7
群馬県 安中市,10211,55.3,62,53.6,54.3,37.3,51.6,46.5,56.9,80
群馬県 みどり市,10212,59.7,48.2,72.8,65.2,43.2,61.1,61.2,56.1,69.8
群馬県 榛東村,10344,58.9,80,52.4,43.7,36.7,52.7,64.5,60.8,80
群馬県 吉岡町,10345,69.2,80,80,55.4,37.7,80,77.7,62.9,80
群馬県 上野村,10366,46.3,46.8,39,42,25.7,46.4,41.3,49.1,80
群馬県 神流町,10367,39.3,34.4,37.4,40.9,21.8,31.8,34.1,52.9,61.4
群馬県 下仁田町,10382,39.6,39.5,39.6,40.7,33.1,30.7,29.9,51.6,51.5
群馬県 南牧村,10383,35.5,36.8,31.7,40.2,20.9,26.2,23.3,47.9,57.4
群馬県 甘楽町,10384,55.5,56.2,56.1,57,38.8,58,46.4,58.6,72.8
群馬県 中之条町,10421,46,42.6,41.7,43.3,41.1,39.7,44.1,53.2,62
群馬県 長野原町,10424,53.6,41.7,55.3,57.5,71.5,47.9,45.2,56.8,52.7
群馬県 嬬恋村,10425,53.5,39.5,45,68.9,80,49.5,56.2,46.7,42.2
群馬県 草津町,10426,49.3,36,43.9,42.8,80,39.4,46.6,50,55.4
群馬県 高山村,10428,52.9,49.5,58.9,62.7,41.2,48.2,49,50.8,63.2
群馬県 東吾妻町,10429,58.6,53,65.4,42.8,79.8,56,42.2,54,75.6
群馬県 片品村,10443,50.8,49.5,33.9,45.3,58.6,48.1,55.9,55.2,60
群馬県 川場村,10444,62.8,43.5,79.6,42,62.4,75.4,59.5,59.6,80
群馬県 昭和村,10448,68,80,42.6,44.6,80,80,70.1,66.9,80
群馬県 みなかみ町,10449,53.8,75,51.5,61.7,44.3,38.9,37.3,55.4,66.6
群馬県 玉村町,10464,68.9,80,62.9,80,33.5,80,80,57.4,77.5
群馬県 板倉町,10521,64.8,80,60.2,66.7,44,74.1,48.4,64.8,80
群馬県 明和町,10522,68.9,80,64.8,80,41.9,80,62,62.6,80
群馬県 千代田町,10523,65.9,80,50.4,80,33.1,80,64.1,59.9,80
群馬県 大泉町,10524,50.5,60.3,61,47.7,26,55.9,52.3,54.5,45.9
群馬県 邑楽町,10525,71.2,80,80,77.6,34.1,80,80,58,80
埼玉県 さいたま市,11100,56.3,40.7,59.9,57,38.1,74.4,68.7,55,56.9
埼玉県 川越市,11201,56.8,54,53.9,49.2,44.9,74.2,63.6,51.5,63.1
埼玉県 熊谷市,11202,51.9,52.1,48.6,49.7,39.4,56.2,51.5,55.9,62
埼玉県 川口市,11203,50.5,38.7,53.7,50.9,33.8,53.5,55.3,53.9,64.7
埼玉県 行田市,11206,53.7,47.1,58.2,64.5,38.7,53.9,51.6,57.1,58.1
埼玉県 秩父市,11207,45.6,44.8,48.4,42.1,28.8,42,42.3,53.2,63.4
埼玉県 所沢市,11208,59.8,41.4,62.9,55.8,41.3,80,80,49.8,67.2
埼玉県 飯能市,11209,49.9,52.1,48.4,53.6,27.7,52.6,48.8,54.3,61.7
埼玉県 加須市,11210,64.9,74.5,65.7,63.8,39.1,80,58.2,58.1,80
埼玉県 本庄市,11211,49.4,54.4,49.2,44.1,47.5,48,41.8,54,56.3
埼玉県 東松山市,11212,50.5,43.1,58.7,47.5,30.5,56.1,62.9,52.2,52.8
埼玉県 春日部市,11214,59.2,42.9,63.7,57.7,39.3,76.5,80,47.6,66.3
埼玉県 狭山市,11215,62.3,68.2,64.6,55.3,44.2,78.8,80,49.6,57.5
埼玉県 羽生市,11216,55.7,66.3,55.3,45.4,38.1,65.7,51.9,56.2,66.7
埼玉県 鴻巣市,11217,55.3,50,60,50.6,47.4,57.7,58.3,55.9,62.6
埼玉県 深谷市,11218,58.8,64.7,60.5,51.4,59.2,59.1,54.9,55.9,64.8
埼玉県 上尾市,11219,58.1,41.9,80,53.8,39.8,66,71.7,50.9,61.1
埼玉県 草加市,11221,59.2,43.7,59.8,80,41.6,64.6,72.6,51.2,60.3
埼玉県 越谷市,11222,61.7,42.7,64.9,68.8,34.2,80,80,52.8,70.2
埼玉県 蕨市,11223,52.1,46,44.7,52.3,63.4,46.6,40.2,57.3,66.1
埼玉県 戸田市,11224,58.4,40.9,73.7,56.9,24.9,64.6,73.1,58.3,74.6
埼玉県 入間市,11225,57.6,52.3,74,50.4,29.6,61.1,79.8,52.7,60.8
埼玉県 朝霞市,11227,58.2,40.4,57.9,54.5,47.1,71,60.1,57.6,77.2
埼玉県 志木市,11228,58.9,37.6,75.7,48.8,42,67.3,77.4,49.6,72.5
埼玉県 和光市,11229,64.7,35.8,80,80,53,63.9,75.5,56.3,73.1
埼玉県 新座市,11230,58.7,39.8,58.6,72.2,36.6,74.8,68.2,47,72.3
埼玉県 桶川市,11231,56.9,48.2,57.4,51.3,34.4,74.7,66.8,53.2,69
埼玉県 久喜市,11232,67.3,80,74.9,54.2,42,80,72.9,54.5,80
埼玉県 北本市,11233,58.6,47.4,73.3,51.1,36.8,69.3,64.1,51.4,75.5
埼玉県 八潮市,11234,63.7,45.9,76.2,76.1,40,71.6,80,50.7,69.1
埼玉県 富士見市,11235,61.4,45.1,57.2,58.7,38.9,80,78.5,52.8,80
埼玉県 三郷市,11237,64.8,41.4,80,80,34.1,80,80,43.4,79.8
埼玉県 蓮田市,11238,63.5,44,80,55.6,54.8,70.7,77,56.5,69.6
埼玉県 坂戸市,11239,56.5,40.7,43.9,47.6,31.1,80,80,52.9,76.3
埼玉県 幸手市,11240,61.1,68.5,67.2,45.1,39.4,69.2,67.8,56,75.2
埼玉県 鶴ヶ島市,11241,65.7,44.2,80,80,38.3,80,80,53.3,69.8
埼玉県 日高市,11242,61,51.6,80,54.1,33.6,80,68.8,55.3,64.8
埼玉県 吉川市,11243,67.4,52.4,70,80,43.4,80,80,53.3,80
埼玉県 ふじみ野市,11245,55.5,44.8,56.8,52.4,41.8,64.2,59.3,51.2,73.3
埼玉県 白岡市,11246,71.7,80,80,80,37.4,80,75.5,60.6,80
埼玉県 伊奈町,11301,68.9,61.3,80,80,33.4,80,80,56.1,80
埼玉県 三芳町,11324,67.6,52.4,80,80,38.4,80,80,50,80
埼玉県 毛呂山町,11326,59.3,49,61.7,53.9,30.6,76.4,80,53,69.5
埼玉県 越生町,11327,45.9,46,40.5,42.5,32,48.8,43.3,52.9,61.3
埼玉県 滑川町,11341,67.5,80,80,42.5,31.2,80,80,66.6,80
埼玉県 嵐山町,11342,68.5,80,80,55.1,39.8,80,78.7,54.4,80
埼玉県 小川町,11343,43,43.3,48.4,40.8,25.8,45.3,43.3,54.6,42.6
埼玉県 川島町,11346,66.9,79.4,74,45.8,43.4,80,72.3,60.6,80
埼玉県 吉見町,11347,59.4,62.4,62.5,54.5,40.3,70.3,80,58.3,46.7
埼玉県 鳩山町,11348,67,73.2,80,55.6,30.4,80,80,56.9,80
埼玉県 ときがわ町,11349,54.2,55.1,48.7,61.7,24.1,58.8,51.6,53.5,80
埼玉県 横瀬町,11361,46.2,42,50.3,39.8,38.5,45.6,46.1,56.1,51.5
埼玉県 皆野町,11362,42.8,37.9,40.6,46.5,25.4,39.3,42.2,52.6,58.1
埼玉県 長瀞町,11363,46.1,47.2,41.7,54.3,23.7,46.4,40.1,54.5,60.9
埼玉県 小鹿野町,11365,50,56,47.4,45.1,29.5,43,44.7,54.5,80
埼玉県 東秩父村,11369,46.4,39.1,44.7,40.1,32,42.7,48.5,56.7,67.5
埼玉県 美里町,11381,67.2,80,55,80,39.4,80,62.1,60.8,80
埼玉県 神川町,11383,67.1,80,59.1,72.6,44.1,80,68.5,52.3,80
埼玉県 上里町,11385,67.4,68.4,80,57.6,42,80,77.8,53.5,80
埼玉県 寄居町,11408,55.6,59.8,57.5,44.3,41.4,67.4,46.3,52.7,75.7
埼玉県 宮代町,11442,54.6,38.1,53.1,45.1,38.3,68.9,72.1,52.4,68.8
埼玉県 杉戸町,11464,62,40.6,63.8,74.6,41.3,78.7,63.9,55.2,77.9
埼玉県 松伏町,11465,63.9,45.3,80,55.2,34.8,80,80,55.9,80
千葉県 千葉市,12100,53.1,40.8,58.2,51.8,44.4,65.5,65.6,54.1,44.7
千葉県 銚子市,12202,49.4,44.3,43.2,48.1,80,38.6,38,53.5,50
千葉県 市川市,12203,52.2,39.2,55.6,50.9,58.1,56.1,50.9,51.7,55.6
千葉県 船橋市,12204,56.6,45.4,60.4,51.5,45.4,73.2,74.5,50.7,52
千葉県 館山市,12205,45.1,42.5,42,42.7,54.7,40.5,42.4,50.3,45.4
千葉県 木更津市,12206,50.4,65.1,44.7,46.5,42.2,56.4,51.3,52.9,43.8
千葉県 松戸市,12207,56.6,45.3,63.9,52.4,42.4,67,70.1,51.2,60.9
千葉県 野田市,12208,55,47.3,63.8,49.9,41.8,67.4,67.6,49.7,52.2
千葉県 茂原市,12210,53.3,63,56.6,50.5,41.8,56,57.8,50.5,50.3
千葉県 成田市,12211,68.9,57.5,80,67.2,52.8,80,80,54.9,78.8
千葉県 佐倉市,12212,63,55.2,80,51.2,45.7,80,80,49.4,62.5
千葉県 東金市,12213,60.5,48.4,68.9,45.7,49.7,80,80,53.1,58.4
千葉県 旭市,12215,58.2,54.9,53.4,47.1,67.6,59.2,51.7,57.2,74.1
千葉県 習志野市,12216,58,43.4,68.6,61,32.1,71.5,66.3,52.2,68.8
千葉県 柏市,12217,60.2,41.3,66.8,61.5,44.4,80,80,52.4,54.9
千葉県 勝浦市,12218,50.5,51.7,42.1,59.8,43.2,41.2,41,59,65.8
千葉県 市原市,12219,54.2,49.7,67,53.9,43.8,59.6,80,53,26.7
千葉県 流山市,12220,62.7,39.5,73.6,57,42,80,80,51.3,78.3
千葉県 八千代市,12221,64.3,42.8,66.4,80,52.4,77.2,80,48.6,67.3
千葉県 我孫子市,12222,60.2,38.7,70.9,58.5,44.9,80,72.8,49,66.6
千葉県 鴨川市,12223,50.5,39.2,52.4,47.3,42,47.4,43,57,75.7
千葉県 鎌ケ谷市,12224,61.4,40.3,73,45.4,58.2,80,74.5,47.4,72.7
千葉県 君津市,12225,52.3,41.7,73.3,62.2,45.1,45.1,70.9,52.2,27.9
千葉県 富津市,12226,55.5,80,44.7,44.4,41.1,56.7,47,53.5,76.9
千葉県 浦安市,12227,70.1,48.4,80,80,48,80,80,78.2,66.4
千葉県 四街道市,12228,62.6,42.3,80,57,48.1,80,80,51.3,62
千葉県 袖ケ浦市,12229,58,42.1,80,56.6,52.9,80,80,52.4,20
千葉県 八街市,12230,69.1,57.7,76.9,66.2,73.7,80,80,51.8,66.5
千葉県 印西市,12231,66.4,52.9,80,46.6,52.3,80,80,59.3,80
千葉県 白井市,12232,72.3,61,80,80,74.6,80,80,61.8,61
千葉県 富里市,12233,72.6,80,80,80,77.9,80,80,45.3,57.4
千葉県 南房総市,12234,50.4,49.9,46.1,43.6,56.5,43.7,42,52.7,69
千葉県 匝瑳市,12235,54.7,65.5,48.6,49.4,41.8,54.1,47.5,57.2,73.5
千葉県 香取市,12236,48.5,54.8,44,43.6,49.5,47.9,38.9,50.6,58.7
千葉県 山武市,12237,57.3,57.5,57.4,45.7,54.7,65.6,53,52.8,71.7
千葉県 いすみ市,12238,49,43.3,53.1,42.5,49.6,43.8,38.7,54.1,67.1
千葉県 大網白里市,12239,55.9,46,66.6,44.9,43.3,68.9,60.9,52.3,64.2
千葉県 酒々井町,12322,63,71.3,80,49.9,43.4,80,80,42.4,57.4
千葉県 栄町,12329,72,80,70,80,47.3,80,80,58.7,80
千葉県 神崎町,12342,52.4,80,50,40.4,44.4,54.6,39.3,55,55.4
千葉県 多古町,12347,62.3,80,48.5,69.7,46.4,69.9,46.1,57.5,80
千葉県 東庄町,12349,56.4,80,45.6,47.4,51.7,59.7,41.7,55.7,69.1
千葉県 九十九里町,12403,49.9,51.1,45.8,45.2,50,44.8,34,60.1,68.1
千葉県 芝山町,12409,70.7,75.8,80,52.2,59.6,80,80,57.6,80
千葉県 横芝光町,12410,53.1,49.2,46.3,57.2,42.7,51.8,52.6,53.7,71.3
千葉県 一宮町,12421,47.9,46,46.4,43.8,56.2,47.7,44.1,54.8,44
千葉県 睦沢町,12422,49.9,48.2,36.5,41,37.7,74.4,56.5,59,46.2
千葉県 長生村,12423,67.3,80,80,45.2,43.5,80,69.6,60.1,80
千葉県 白子町,12424,56.8,46.7,51.7,55.4,60.2,55.9,50.1,59.4,74.8
千葉県 長柄町,12426,61.4,62.8,61.3,72.7,40.1,80,52.2,58.4,63.3
千葉県 長南町,12427,57.4,80,44.8,66.8,40.2,64.2,36.4,55.9,71.4
千葉県 大多喜町,12441,46,45.8,49.4,52.1,43,46.7,40.4,51.6,39.3
千葉県 御宿町,12443,48.6,38.1,48,44.5,50.9,40.6,46.2,52.9,68
千葉県 鋸南町,12463,44.1,44.8,41.1,47.7,52.8,39.2,35.2,52.3,39.4
東京都 千代田区,13101,47.4,33.5,47.2,45,40.9,47.2,52.3,80,33.3
東京都 中央区,13102,46.7,35.1,44.1,45.4,40.9,42.9,52.2,72.5,40.4
東京都 港区,13103,54.6,33.9,54.1,47,40.9,64,56,80,61.1
東京都 新宿区,13104,48.2,36.8,47.1,48.2,40.9,61.4,49.7,64.6,37.1
東京都 文京区,13105,45.7,35.6,45.4,49.7,40.9,51.4,41.3,65.9,35.5
東京都 台東区,13106,39.4,35.2,40.2,44,40.9,38.7,33.2,54.5,28.3
東京都 墨田区,13107,42.2,36.5,47.9,45,40.9,40,32.2,58,36.8
東京都 江東区,13108,50.7,35.8,57.3,50.3,40.9,59,40.5,62.7,59.2
東京都 品川区,13109,46.5,34.3,49.2,52.5,40.9,54.7,34.9,66.1,39.7
東京都 目黒区,13110,45,34.7,44.2,48.5,40.9,44.7,38.5,68.3,40.1
東京都 大田区,13111,43.5,36,43.3,57.4,40.9,40.8,38.4,57.9,33.7
東京都 世田谷区,13112,45.8,35.5,49,45,40.9,53.3,44.5,60.9,37.4
東京都 渋谷区,13113,55,34.6,58.5,55.5,40.9,65.5,57.9,80,47.1
東京都 中野区,13114,42.9,34.7,47.2,48.6,40.9,45.7,38.8,54.8,32.8
東京都 杉並区,13115,43.1,34.6,44.9,46.5,40.9,49.5,43.5,53.9,31.4
東京都 豊島区,13116,45.3,35.9,44.5,48.3,40.9,54.9,38.2,62.5,37
東京都 北区,13117,41.2,36.5,40,47.7,40.9,38.1,33.8,57.7,34.8
東京都 荒川区,13118,40,35.2,41,43,40.9,33.9,25.9,59.5,40.7
東京都 板橋区,13119,43.7,38.2,46,47.5,40.9,41.7,38,56.4,41.2
東京都 練馬区,13120,45.1,37.3,51.8,45.6,40.9,50.7,44,53,37.6
東京都 足立区,13121,45.8,36.6,53.4,46.9,40.9,46.7,42.5,55,44.4
東京都 葛飾区,13122,41.7,36.1,42.8,44.7,40.9,39,36.7,55.4,37.9
東京都 江戸川区,13123,48.3,36.1,54.2,49,40.9,49.9,46.9,56.2,53.1
東京都 八王子市,13201,54.4,43.8,62.3,47.1,35.6,77.7,72.1,51.5,44.8
東京都 立川市,13202,53.1,45.2,47.5,50.2,44.7,71.9,58.3,54.1,52.9
東京都 武蔵野市,13203,53.7,34.6,51.5,56,60.4,59.2,59,58.9,49.8
東京都 三鷹市,13204,48,38.7,50.6,43.2,41.6,56.1,46.3,56,51.8
東京都 青梅市,13205,53.9,47.8,61.7,49.5,29,75.1,65.3,53.4,49.3
東京都 府中市,13206,57,50.4,54.6,50.8,52.9,69.2,60,55.1,63
東京都 昭島市,13207,52.6,50.8,60.6,49.5,44.9,56,49.2,55.2,54.7
東京都 調布市,13208,52.1,37.4,53.7,50.7,42.2,58.6,57.9,53.1,63.4
東京都 町田市,13209,57.7,42.3,60.6,59.7,34.6,80,80,50.1,54
東京都 小金井市,13210,46.6,36,43.9,44.7,38.5,54.2,44.2,52,59.1
東京都 小平市,13211,48.2,39,54.2,46,43.9,52.1,47.1,51.2,52
東京都 日野市,13212,55.9,48.3,55.5,53.4,54.5,59.3,78.9,49.1,48
東京都 東村山市,13213,50.8,44,55.3,46,44.8,59.6,52.2,50.1,54.5
東京都 国分寺市,13214,55,49.2,59.1,50.7,45.2,64.9,60.7,52.1,57.7
東京都 国立市,13215,56.6,39.3,47.9,54.3,49.8,72.8,62.7,59,66.7
東京都 福生市,13218,48.6,45.3,45.9,55.5,32.8,57.4,49.5,52.3,49.7
東京都 狛江市,13219,49.9,37.2,53.9,53.9,52.9,51,40.5,48.3,61.6
東京都 東大和市,13220,57.3,40,73.3,54.1,33.8,69.1,79.3,48.7,59.8
東京都 清瀬市,13221,52.4,52,45.2,50.7,50.2,61.7,51.4,48.1,59.5
東京都 東久留米市,13222,48.9,47.6,54.3,44.6,28.3,58.8,55.9,45.3,56.2
東京都 武蔵村山市,13223,57.6,34.8,76.8,74.1,42.7,52.5,80,48.7,51.4
東京都 多摩市,13224,66.3,52.1,80,80,29.5,80,80,48.8,80
東京都 稲城市,13225,65.3,36.2,78.8,44.2,80,74.2,79,58.7,71.5
東京都 羽村市,13227,61,60,80,80,24.2,68.9,80,52.7,42
東京都 あきる野市,13228,54.3,43.4,76,49.3,37.6,71.5,60.4,51,45
東京都 西東京市,13229,48.3,38.9,47.8,52.4,50.8,50.2,48.3,51.7,46.4
東京都 瑞穂町,13303,68.1,80,80,80,25.9,80,80,46.8,71.9
東京都 日の出町,13305,69.6,80,68.3,80,36.8,80,80,51.9,80
東京都 檜原村,13307,43.1,38.4,31.8,43.3,40.9,41.3,34.5,55.4,59.5
東京都 奥多摩町,13308,39.3,40.9,33.4,42.8,53.6,32,32,49.8,30.2
東京都 大島町,13361,39.8,38.3,41.5,40.9,45.8,36.5,29.5,53.6,32.7
東京都 利島村,13362,60.6,39.3,69.7,42,61.2,56.7,62.5,73.3,80
東京都 新島村,13363,43.8,41.4,42.7,52.9,33.8,33.8,32.3,65.7,48
東京都 神津島村,13364,49.9,39.6,44.6,41.1,80,38.3,33,68.2,54.6
東京都 三宅村,13381,39.4,40.9,38.7,42,33.2,32.9,20,60.4,46.8
東京都 御蔵島村,13382,60.5,39.3,34.8,42,80,80,80,48.1,80
東京都 八丈町,13401,49.4,43.3,43.9,41.6,80,42.9,49.4,56.1,37.6
東京都 青ヶ島村,13402,65,39.3,78.2,42,80,60.2,80,60.2,80
東京都 小笠原村,13421,53.7,39.3,46.4,42,48,70.2,80,68.8,35.1
神奈川県 横浜市,14100,50.8,40.8,53.2,47.2,37.7,60.3,57.1,55.4,54.9
神奈川県 川崎市,14130,50.6,40.1,50.8,62,37.7,47.8,51.1,60.5,54.8
神奈川県 相模原市,14150,57.2,46.2,67.1,57.5,31.7,72.4,76.7,51.5,54.2
神奈川県 横須賀市,14201,44.8,39.5,47.7,44.2,40.5,44.9,45.8,52.1,43.5
神奈川県 平塚市,14203,48.3,48.5,50.2,47.4,42.7,50.7,55.2,52.6,39.3
神奈川県 鎌倉市,14204,47.8,41.7,49.3,47.5,48.9,54.3,55.4,50.7,34.6
神奈川県 藤沢市,14205,50.1,43.2,56.3,50.2,41.7,59.4,65.2,49.3,35.2
神奈川県 小田原市,14206,47.3,45.9,47.4,43.5,50,48.5,46.3,52.9,43.9
神奈川県 茅ヶ崎市,14207,50.5,43.6,52.6,45.1,40.2,60.4,64.2,49.2,48.8
神奈川県 逗子市,14208,46.7,36.3,46,45.4,34.8,61.1,57.9,50,42
神奈川県 三浦市,14210,44.8,37.4,46.1,41.4,52.9,42.1,37.7,51.4,49.7
神奈川県 秦野市,14211,57.7,62.2,67.7,48.3,36.5,68.6,71.2,53.5,54
神奈川県 厚木市,14212,59.5,47.1,65.9,72,34.6,80,80,54.3,41.7
神奈川県 大和市,14213,53.3,39.9,58.7,56.4,38.2,64.1,63.6,52.9,52.2
神奈川県 伊勢原市,14214,62.8,47.2,73,79.8,37,76.9,80,51.7,57
神奈川県 海老名市,14215,63,49.2,80,53.6,41.4,80,80,52.5,67
神奈川県 座間市,14216,50.1,35.1,61.9,66.9,32.7,51,61.6,51.1,40.7
神奈川県 南足柄市,14217,51.3,45,52.9,59.6,40.8,50.4,66.3,50.8,44.5
神奈川県 綾瀬市,14218,55.8,43.7,51.6,51.7,29,80,80,48,62.4
神奈川県 葉山町,14301,57,38.1,64.1,58.6,44.1,77.4,70,56.7,46.7
神奈川県 寒川町,14321,59.3,49.4,68.1,80,33.2,60.4,80,53.1,50.5
神奈川県 大磯町,14341,49.6,33.7,60.3,45.1,42.5,50.6,67.6,54.6,42.6
神奈川県 二宮町,14342,49.3,38.4,54.1,43.8,37.6,49.3,63.5,52.2,55.9
神奈川県 中井町,14361,68.8,80,59.1,80,41.9,80,80,50.7,78.5
神奈川県 大井町,14362,60.5,46,80,80,37.2,68.9,80,49.1,43
神奈川県 松田町,14363,45.7,41.3,38.4,47.2,44.2,39.8,52.6,51.5,51
神奈川県 山北町,14364,46.4,56.2,43.5,45.3,36.7,42.4,45.2,49.6,52.3
神奈川県 開成町,14366,59.5,41.1,70.2,58.9,40.8,62.5,80,52.9,69.8
神奈川県 箱根町,14382,41.4,40.7,46.9,43.8,30.6,40.4,39.9,53.8,35.1
神奈川県 真鶴町,14383,42.1,37.4,36.4,49.7,43.1,32.8,31.6,50.1,55.5
神奈川県 湯河原町,14384,45.1,40.3,51,46.8,50.5,45.5,39.4,51.9,35.4
神奈川県 愛川町,14401,60.1,47.4,78,69.1,63.5,64.1,61.1,49.2,48.7
神奈川県 清川村,14402,59.8,80,52.5,40.7,28.4,80,59.3,57.4,80
新潟県 新潟市,15100,47.4,43.2,52.9,44.5,45,50.3,47.7,51.8,43.8
新潟県 長岡市,15202,48.4,49.7,51.8,45.2,38,46.1,44.6,54.4,57.8
新潟県 三条市,15204,44.2,47.8,45.8,44.9,40.5,42.3,34.6,52,45.5
新潟県 柏崎市,15205,49.3,50.5,50.4,44.4,36.8,44.2,41.8,56.4,70
新潟県 新発田市,15206,49.6,52,50.2,47,49.9,49.3,42.1,51.7,54.4
新潟県 小千谷市,15208,48,53.1,48.4,42.2,46.8,42.8,36,54.7,60.1
新潟県 加茂市,15209,40.9,38.6,46.7,40.8,45.1,30.7,33.7,51.9,39.5
新潟県 十日町市,15210,44.1,36.1,51.7,40.5,52.8,37.1,27.8,49,58
新潟県 見附市,15211,46.5,42.3,56,41.1,44.2,41.1,41.8,57.8,47.5
新潟県 村上市,15212,49.3,51.9,49,46.3,57.4,42.7,39.3,46.6,61.2
新潟県 燕市,15213,46.3,44.8,52.8,47.6,41.6,43.1,36.7,51.6,52.4
新潟県 糸魚川市,15216,41.8,41.2,43.9,45.8,33.1,38.1,37.6,47.8,47
新潟県 妙高市,15217,46.6,63,46.1,44.7,33.6,44.3,35.6,51,54.4
新潟県 五泉市,15218,43.5,42.2,45.2,40.4,44.9,35.6,38.3,52.6,48.6
新潟県 上越市,15222,47.8,47.8,52.8,44.9,35.6,45,43.8,53.9,58.4
新潟県 阿賀野市,15223,51.6,55.6,50.9,51,45.9,47.8,41.4,53.8,66.8
新潟県 佐渡市,15224,44,41.6,50.9,44.4,40.7,37.8,33.4,51.6,51.9
新潟県 魚沼市,15225,49.1,44.4,53.8,51.1,52.7,38.9,41.5,55,55.3
新潟県 南魚沼市,15226,53.4,52.7,53.1,50.7,62.1,47.1,47.6,55.8,58.5
新潟県 胎内市,15227,45.8,43.2,52.3,49.4,49.2,42.9,42.1,46.9,40.7
新潟県 聖籠町,15307,70.6,80,80,80,38.2,80,80,46.2,80
新潟県 弥彦村,15342,51.2,54.6,51.8,63.9,46.4,43.8,38.2,52.6,58.5
新潟県 田上町,15361,53.4,43.3,54.4,80,41.2,51.5,56.5,52.8,47.2
新潟県 阿賀町,15385,40.2,35.7,53.4,44.3,41,34.1,30.5,46.3,36.2
新潟県 出雲崎町,15405,43.1,69.4,40.5,40.9,31.1,35.6,26.9,51,49.5
新潟県 湯沢町,15461,49.4,46,44.8,54.6,40.8,37.3,40.5,51.5,80
新潟県 津南町,15482,50.2,51,53.3,47.9,65.8,50.6,41.6,48.4,43.3
新潟県 刈羽村,15504,59.1,47.3,61.7,48.9,37.6,80,50.7,66.2,80
新潟県 関川村,15581,47.2,49.4,48.9,44,64.9,36.3,38,49.8,46
新潟県 粟島浦村,15586,47,39.3,57.2,42,35.3,37.4,53,51.5,60.2
富山県 富山市,16201,46.1,46.2,51.4,44.1,36.6,50.2,46.2,52,42
富山県 高岡市,16202,41.1,39.6,47.4,43.8,34.3,40,37.7,47.2,38.9
富山県 魚津市,16204,48.7,62.1,49.8,42.4,37.9,45.3,41.6,53.8,56.5
富山県 氷見市,16205,49,68.7,46,45.2,34.1,48.1,37.9,55.3,57.1
富山県 滑川市,16206,51.7,67.2,55.6,47.3,34.6,49.3,31.1,56.2,72.4
富山県 黒部市,16207,43.5,39.7,53.2,48.6,33.5,42.6,39.8,57.5,33
富山県 砺波市,16208,55.7,80,64.9,43,40.6,58.3,47.4,56.2,55.1
富山県 小矢部市,16209,47.2,40.9,40.4,69.4,47.5,39.7,32.8,55.5,50.9
富山県 南砺市,16210,43,49.3,40.6,42.6,40.2,36.7,33.4,56,45
富山県 射水市,16211,48.9,49.4,52,59.3,36.6,54.2,37.6,53.7,48.6
富山県 舟橋村,16321,59.8,80,46.2,44,35.2,80,49.1,64.1,80
富山県 上市町,16322,47.6,65.9,49.6,49.3,34.9,42.3,29.8,55.7,53
富山県 立山町,16323,49.4,58.8,46.2,80,38.1,43.5,39,54.9,34.8
富山県 入善町,16342,47.7,61.7,47.2,52.8,36.3,40.6,32.7,53.3,57.2
富山県 朝日町,16343,42.1,41.7,40.4,42.4,35.1,37.1,34.6,52.9,52.4
石川県 金沢市,17201,45.6,42.5,49.9,43.6,36.3,50.1,48.2,52.3,42.2
石川県 七尾市,17202,43.2,39.7,46.1,45.6,32.5,41.1,39.2,52.7,49
石川県 小松市,17203,44.5,48,48.4,42.5,37.5,47.5,39.2,51.3,41.8
石川県 輪島市,17204,40.6,41.3,47.9,44.3,37.7,35.3,31.6,47.4,39
石川県 珠洲市,17205,42.4,44.9,42.8,51.5,35.1,37.5,31,54.9,41.5
石川県 加賀市,17206,42.5,47.8,46.9,42.9,40.7,40.1,39.1,49.5,32.8
石川県 羽咋市,17207,43,41.3,45.2,42.9,37.7,37.5,35,58.9,45.9
石川県 かほく市,17209,52.1,65.2,48.7,67.9,34.7,49.2,37.4,56.6,57
石川県 白山市,17210,62.2,68.1,66.4,59.8,37.1,69.5,63.5,54.4,79.3
石川県 能美市,17211,50.2,56.5,54.5,46.3,31.6,54.1,43.8,55.1,59.5
石川県 野々市市,17212,57.6,37.9,80,61.9,26.5,77,80,49.8,47.6
石川県 川北町,17324,71.4,80,80,80,38.4,80,80,52.8,80
石川県 津幡町,17361,60.6,60.3,69.8,80,36.7,62.8,60.8,58.1,56.2
石川県 内灘町,17365,61.9,38.3,66.3,80,80,65.9,49.3,50.7,64.7
石川県 志賀町,17384,52.1,61,63.2,53.6,36.5,43.3,30.9,48,80
石川県 宝達志水町,17386,47.9,79.3,47.3,46,39.7,39.4,27.8,55.3,48.1
石川県 中能登町,17407,41.7,41.7,59.4,41.6,35.8,29.6,20,56.9,48.7
石川県 穴水町,17461,45.7,51.1,54.4,42.2,38.2,41.2,39.2,54.7,44.9
石川県 能登町,17463,41.8,44,41.6,43.1,44.3,36.3,34.4,48.3,42.2
福井県 福井市,18201,47,45,51.2,43.1,37.6,47.4,45.6,53.4,52.4
福井県 敦賀市,18202,48.8,41.1,52.2,47.3,31.8,46.1,53.8,56,62.4
福井県 小浜市,18204,46.2,44,52.2,47.6,36.9,40.6,38.1,56.8,53.5
福井県 大野市,18205,44.7,46.3,45.2,42.3,47.3,36.1,38.4,58.2,43.8
福井県 勝山市,18206,44.1,51.7,48.2,41.9,40.9,33.9,28.9,58.2,49.2
福井県 鯖江市,18207,49.1,43.1,63.7,51.9,36.4,49.4,43.6,53.6,50.9
福井県 あわら市,18208,50.8,71.1,49.4,46.1,38.7,48.6,36.2,54.6,61.6
福井県 越前市,18209,47.1,54.8,46.6,44,36.9,44,39,55,56.3
福井県 坂井市,18210,59.4,72.2,69.7,55.5,45.3,58,40,57.4,77.1
福井県 永平寺町,18322,53.7,42.7,46.3,80,38.5,46.7,30.7,65.9,78.5
福井県 池田町,18382,42.2,37.7,43.4,42,42.8,32.6,32.3,63,43.4
福井県 南越前町,18404,45.3,54.3,36.1,42,39.3,36.5,30.4,56.4,67.6
福井県 越前町,18423,55.3,44.5,67.9,80,37.1,41.2,37.4,59.8,74.7
福井県 美浜町,18442,44.1,46.9,45.8,43.5,37.6,51.4,37.1,61.9,28.4
福井県 高浜町,18481,39.6,35.8,53,43.9,35.4,45.3,23.3,60.3,20
福井県 おおい町,18483,62.1,55.2,71.6,75.2,37.5,64.4,49.7,63.6,80
福井県 若狭町,18501,56.8,65.5,65.4,67.4,38.6,46.5,43,59.4,69.1
山梨県 甲府市,19201,45.4,46.7,44.7,46.2,36.6,46.4,44.4,54,44.4
山梨県 富士吉田市,19202,48.8,72.7,49.1,43.2,30.7,45.8,26.3,56.7,65.9
山梨県 都留市,19204,51.2,48,60.1,42.6,29.4,52.7,39.8,57.7,79.6
山梨県 山梨市,19205,51,37.4,50.4,45.4,50,50,43.2,58.7,72.9
山梨県 大月市,19206,43.8,45.5,39.3,41.4,23.9,37.5,27.6,55.5,80
山梨県 韮崎市,19207,58.2,80,53,48.5,36.6,60.6,44.6,62.3,80
山梨県 南アルプス市,19208,63.9,65.4,70.4,55.9,44.3,68.4,63,64.1,80
山梨県 北杜市,19209,62.3,68.2,75.1,54.9,35.8,68.5,60.9,55.3,80
山梨県 甲斐市,19210,64.2,49,80,54.2,31.6,80,80,59.1,80
山梨県 笛吹市,19211,64,67.5,77.5,57.7,47.7,71.2,51.6,59,80
山梨県 上野原市,19212,51.6,52.4,55.6,49.5,23.4,52.4,41.4,62.2,76.3
山梨県 甲州市,19213,51.4,43.9,51.9,42.7,45.1,47.7,43.5,56.5,80
山梨県 中央市,19214,69.9,48,80,80,48.5,80,80,63,80
山梨県 市川三郷町,19346,44.2,42.2,43.3,42,33.5,35.2,32.2,56.1,69.1
山梨県 早川町,19364,35.6,41.7,34.8,42,28.4,27.7,21.2,53.2,35.9
山梨県 身延町,19365,43.6,52.4,41.5,43.1,23.3,37.6,31.3,58.3,61.3
山梨県 南部町,19366,41.2,47.6,43.8,52.6,28,34.6,31.9,53,38.1
山梨県 富士川町,19368,43.8,43.4,40.4,42.3,33,36.9,31.4,58.9,63.7
山梨県 昭和町,19384,70.6,80,80,80,27,80,80,57.6,80
山梨県 道志村,19422,52.1,44.7,65.6,42,38.6,37.8,48.8,59.4,80
山梨県 西桂町,19423,51,49.1,80,42.8,30.5,40.5,28.1,56.7,80
山梨県 忍野村,19424,72.1,80,80,67.5,29.5,80,79.5,80,80
山梨県 山中湖村,19425,55.3,38.4,40.4,42.7,36.5,80,80,52.2,71.9
山梨県 鳴沢村,19429,58.2,80,33,40.3,49.6,80,77.7,66.1,39
山梨県 富士河口湖町,19430,68.2,80,80,45.3,80,68.1,53.1,59.5,80
山梨県 小菅村,19442,48.7,37.9,61.4,42,29.7,40.8,59.4,61,57.1
山梨県 丹波山村,19443,38.7,44.3,40.4,42,30.5,30.9,35.1,59.4,26.8
長野県 長野市,20201,47.7,43.3,50.2,44,33.8,50.8,56.9,52.4,50.3
長野県 松本市,20202,49,52.3,51.7,47.7,44.3,50.4,50.3,55.3,40.1
長野県 上田市,20203,45.3,47.6,47,46.2,32.7,46.6,45.5,50.4,46.1
長野県 岡谷市,20204,40.4,41.2,45.2,43.5,27.7,35.7,36.7,52,41.3
長野県 飯田市,20205,47.6,53.3,49.2,44.4,38,44.7,46.7,52.5,52.2
長野県 諏訪市,20206,42.6,36.6,46.2,47.3,35.4,43.6,49.1,49.2,33.7
長野県 須坂市,20207,49.1,47.5,50.9,49.9,46.7,44.9,49.3,54.8,48.7
長野県 小諸市,20208,51.3,58.2,42.8,50.1,44.3,54.9,53.7,53.5,52.6
長野県 伊那市,20209,48.1,52.1,46.8,50.8,38.7,47.2,45.2,55.4,48.5
長野県 駒ヶ根市,20210,51.6,54.3,53.5,45.2,48.7,49.3,53.3,54.6,54.2
長野県 中野市,20211,51.6,60.3,51.9,45.1,38.3,52.3,48.3,53.6,62.9
長野県 大町市,20212,41.2,44.1,43.1,44,37.9,36.5,36.4,48.5,39.2
長野県 飯山市,20213,46.7,66.4,46.8,46.2,33.9,41.8,36.4,53.7,48.3
長野県 茅野市,20214,55,58.5,56.9,53.7,40.3,60.8,60.8,51,57.7
長野県 塩尻市,20215,58.3,77,62,57.5,52.3,57.8,56.4,55.5,47.9
長野県 佐久市,20217,52.6,51.7,57,49.5,38.6,50.2,50,57.3,66.8
長野県 千曲市,20218,48.1,50.4,45.7,53.8,34.7,46.4,42.8,53,58.1
長野県 東御市,20219,60.7,60.5,80,58.9,38.1,68.2,62.7,56.6,60.9
長野県 安曇野市,20220,65.4,80,80,80,39.9,59.9,55.6,56.7,71.3
長野県 小海町,20303,49.9,38.3,46.9,59.4,58,42.8,41.2,55.3,57.5
長野県 川上村,20304,46,35,33.1,40.5,69.2,45.4,40.2,42.1,62.6
長野県 南牧村,20305,63.9,80,80,42,78.2,72.7,53.9,54.6,49.5
長野県 南相木村,20306,54,41.2,54.6,42,63.2,39,61.8,50.6,80
長野県 北相木村,20307,46.1,36.5,34.3,42,53.9,27.1,27.7,68.9,78.3
長野県 佐久穂町,20309,48.4,43.4,50,45.2,46.9,41.1,47.1,55.9,57.6
長野県 軽井沢町,20321,60.3,42.3,80,66,35.5,69.5,75.9,65,48.1
長野県 御代田町,20323,62,79.3,65.5,80,46.3,64.5,67.2,55.5,38
長野県 立科町,20324,56.2,52.7,68.5,51.3,47.7,55.2,61.6,58.3,54.2
長野県 青木村,20349,50.1,78.4,34.2,42,32.2,49,47.2,56.2,61.3
長野県 長和町,20350,51.5,40,52.9,80,33.6,43.2,45.7,56.2,60.3
長野県 下諏訪町,20361,40.8,37.4,43.2,47.2,27.9,36.3,36.9,52.7,44.5
長野県 富士見町,20362,66.2,80,54,72.5,66,68.7,57,51.3,80
長野県 原村,20363,70.3,56.5,65,80,63.8,72.8,80,64.3,80
長野県 辰野町,20382,46.7,49.9,42.6,53,34.6,43.4,42.4,51.8,55.7
長野県 箕輪町,20383,60.1,74.3,63.4,55.6,39,63.4,58,55.8,71.2
長野県 飯島町,20384,55.8,80,42,63.9,43,49.7,43.4,56.6,67.8
長野県 南箕輪村,20385,69.9,80,56.8,80,44.5,80,80,57.7,80
長野県 中川村,20386,44.3,39.1,41.6,40.3,37.6,42.2,45.1,57.2,51.6
長野県 宮田村,20388,56.7,51.3,61.4,65.4,42.1,56.2,60.9,54.2,61.9
長野県 松川町,20402,53,61,53.8,50.4,40.6,56.6,49.5,57.5,54.4
長野県 高森町,20403,58.4,53.4,64.4,80,43.2,62.2,55.9,54.6,53.6
長野県 阿南町,20404,41.5,43.2,39.3,42.7,28.4,38.8,37,56.2,46
長野県 阿智村,20407,50.9,40.2,48.4,59.1,41.6,52.6,60.7,56.3,48.4
長野県 平谷村,20409,52,40.6,59,42,80,40.8,61.1,57.2,35
長野県 根羽村,20410,41.4,51.3,38.5,42,35.6,37.9,37.7,52.4,35.5
長野県 下條村,20411,53.7,80,35.9,41.8,47.1,59,48.1,56.1,61.4
長野県 売木村,20412,44.3,48.5,34.8,42,35.1,39.9,59.8,46.6,47.4
長野県 天龍村,20413,35.2,39.9,34.6,40.5,34.1,27.7,30.8,49.7,24.4
長野県 泰阜村,20414,38.1,44.5,32.8,40.2,26.8,31,31,55.5,42.6
長野県 喬木村,20415,50.7,46.3,52.4,45.7,52.9,49.9,46.5,55.8,56.1
長野県 豊丘村,20416,48.8,59.5,40.4,49.1,41.3,46.9,37.9,53.8,61.7
長野県 大鹿村,20417,42.3,39.7,32.1,40.6,33.1,29.9,34,53.1,75.9
長野県 上松町,20422,38.6,48.1,37.8,40.3,30.4,35.1,34.2,51.7,31.4
長野県 南木曽町,20423,37.6,40.4,37.6,41.1,31.3,34.8,35.9,48.6,31.4
長野県 木祖村,20425,47.9,36.3,36.3,42.5,54.6,33.2,45.8,54.6,80
長野県 王滝村,20429,35.7,55.4,33.2,42,24.5,24.2,34.2,43.1,28.9
長野県 大桑村,20430,41.2,57.3,36.7,49.5,35,35.7,41.1,49.4,24.9
長野県 木曽町,20432,42.2,40.9,44.2,44.3,40.5,35.9,42,48.9,40.9
長野県 麻績村,20446,44,43.5,52.5,44.9,28.9,38.3,30.8,57.6,55.2
長野県 生坂村,20448,38.1,42.2,34.2,42,29.7,32,38.5,57.6,28.8
長野県 山形村,20450,66.2,51.5,80,46.2,52.1,80,80,60.2,80
長野県 朝日村,20451,57,73.2,47.8,42.1,69.5,50.2,42.8,50.2,80
長野県 筑北村,20452,44.6,44.4,51.6,41.5,34.7,35.7,35.6,54.1,59
長野県 池田町,20481,47,43.9,55.1,50.3,32.2,40.6,48.5,57,48.3
長野県 松川村,20482,52.5,41.2,38.9,50.9,39.1,61.6,76.2,54.6,57.2
長野県 白馬村,20485,53.6,62.4,55.3,59.3,49.8,57.4,69.1,45.5,29.6
長野県 小谷村,20486,37.2,36.5,34.8,42,24.7,40.9,39.1,48.9,30.8
長野県 坂城町,20521,50.7,50.1,46.3,61.5,38.5,44.1,45.8,55,64.3
長野県 小布施町,20541,53.3,45.9,53.4,48.7,52.3,55.4,52.1,58.3,60.5
長野県 高山村,20543,55.7,80,35.4,43.6,47.1,59.8,55.4,57.8,66.7
長野県 山ノ内町,20561,40,36.1,35.3,41.5,46.9,35.8,35.2,50.1,39.4
長野県 木島平村,20562,50.4,48.1,47.2,80,34.8,44.4,43.3,55.7,50
長野県 野沢温泉村,20563,39.8,38.4,32.5,40.3,32.4,38.5,36.7,49,50.3
長野県 信濃町,20583,45.9,70.1,45.6,45.7,37.4,40.3,41.5,51.6,35.3
長野県 小川村,20588,50.9,80,39.4,80,32,34.8,37,56,48
長野県 飯綱町,20590,52.6,48.5,41.7,80,43.6,47.1,48.3,59.3,52.1
長野県 栄村,20602,44.1,45.4,43.5,42.3,39.9,42.3,29.3,53.8,56.5
岐阜県 岐阜市,21201,45,38.2,44.9,43.7,49.8,45.8,41.6,52.3,43.7
岐阜県 大垣市,21202,46,45.3,46.4,45.8,38.6,45.4,44,52.8,49.4
岐阜県 高山市,21203,52.8,45.9,50.1,45.2,75.1,47.5,50.7,53.1,55.1
岐阜県 多治見市,21204,45.7,41.3,49.2,42.9,42.8,44.2,43.7,57.8,44.2
岐阜県 関市,21205,56.8,55.4,63.6,55.8,38.1,62,48.5,56.8,74
岐阜県 中津川市,21206,51.1,53.2,52.1,43.8,47.2,50,50.9,52.6,58.6
岐阜県 美濃市,21207,47,62.7,47.4,42.2,32,44.2,31.8,56.5,58.8
岐阜県 瑞浪市,21208,51.8,41.1,55.5,46.4,80,42,42.5,56,50.8
岐阜県 羽島市,21209,48.2,38.6,53.9,51.1,37.8,52.2,39.1,54.3,58.9
岐阜県 恵那市,21210,48.2,51.7,49,42.9,38,45.4,46.7,53.5,58
岐阜県 美濃加茂市,21211,55.8,61.1,54.9,44.3,39.6,68.1,58.6,53.9,65.7
岐阜県 土岐市,21212,43,44.7,51.9,44.7,27.1,38.6,37.4,56,43.6
岐阜県 各務原市,21213,56.3,55.4,71.3,54.7,33.1,63.5,56.5,54.8,61.1
岐阜県 可児市,21214,63,71.1,80,52.8,29.6,80,80,53.9,56.4
岐阜県 山県市,21215,55.4,48.5,80,61.5,36.2,49.7,41,55.1,71.3
岐阜県 瑞穂市,21216,66.8,46,80,69.7,44.8,79.6,80,54.7,80
岐阜県 飛騨市,21217,42.8,45.8,42,42.3,52.4,34.6,34.7,49.6,41.3
岐阜県 本巣市,21218,68.9,47.6,80,80,46,79.8,80,57.5,80
岐阜県 郡上市,21219,51.1,52.7,50.5,48.6,41.2,48.8,46.5,55,65.8
岐阜県 下呂市,21220,45.8,53.6,48.2,45.7,41.5,40.4,42.7,52,42.5
岐阜県 海津市,21221,56.9,54.6,54,55.3,43.2,61.2,53.4,54.5,79.1
岐阜県 岐南町,21302,62,42,80,50.9,34,73.3,80,55.9,79.8
岐阜県 笠松町,21303,47,40.3,50.5,49.6,37.8,49.9,36.3,54.1,57.7
岐阜県 養老町,21341,54.9,48.7,59.5,65.3,34.7,55,44.4,60.3,71.3
岐阜県 垂井町,21361,52.2,44.2,53,80,36,46.9,48.4,58.9,50.4
岐阜県 関ケ原町,21362,47.5,47.7,45.5,72.8,34.3,37.1,36.8,52,54.1
岐阜県 神戸町,21381,53.6,49.4,58.7,57.7,54.2,48.8,55.7,52.4,51.9
岐阜県 輪之内町,21382,63.3,80,41.6,74.6,35.9,80,53.2,61.3,80
岐阜県 安八町,21383,50.3,45.2,46,41.3,36.3,59.9,48.9,59.9,64.7
岐阜県 揖斐川町,21401,49,46.6,51.5,49,39.5,44,34.2,55.9,71.1
岐阜県 大野町,21403,63,51.8,41.8,80,36.7,80,80,53.3,80
岐阜県 池田町,21404,60.3,55.9,59.5,80,42.6,67.5,56.3,54.6,65.7
岐阜県 北方町,21421,50.9,37.8,52.4,49.9,33.2,64.4,63,54.6,52.1
岐阜県 坂祝町,21501,62,68.7,60.7,45.2,44.1,71.4,73.6,52.4,80
岐阜県 富加町,21502,53.4,66.6,36.2,52.7,32,55.6,55.1,56.5,72.6
岐阜県 川辺町,21503,58.5,71.6,50.1,74.3,35.5,54.7,53.5,56.4,71.6
岐阜県 七宗町,21504,47,44.4,38.6,48.7,35.9,39.7,38.6,57.8,72.1
岐阜県 八百津町,21505,49.1,68,48.5,42.4,33.4,46.7,33,58.6,62.3
岐阜県 白川町,21506,44.1,38.6,42.3,53.1,36,44,40.9,54.3,43.5
岐阜県 東白川村,21507,45.2,44.6,56.7,42.9,46.6,43.9,38.7,52,36.2
岐阜県 御嵩町,21521,57.4,80,42.9,69.3,31.3,54.1,50,56.2,75.8
岐阜県 白川村,21604,42.2,37.9,55.3,42,34.8,41.7,44,61.8,20
静岡県 静岡市,22100,44.9,42.5,47.9,44.7,41.5,44.7,42,52.1,43.9
静岡県 浜松市,22130,51,45.9,54.1,46.1,51.6,50.9,47.8,55.5,56.6
静岡県 沼津市,22203,47.8,44,43.6,44.9,49.2,47.5,43.2,52.2,58.1
静岡県 熱海市,22205,40.4,35.9,36.9,45.3,50.5,35.4,32.5,59.9,27.1
静岡県 三島市,22206,48.8,43.1,45.7,48.1,41,48.9,47.5,54.9,61.1
静岡県 富士宮市,22207,54.4,71.8,50.2,47.6,50.1,57,53.1,52.4,53.2
静岡県 伊東市,22208,40.4,39.5,46.8,43.1,28.3,42.9,43.3,48.8,30.6
静岡県 島田市,22209,47.3,42.8,52.7,50.2,43.2,44.5,42.2,52.8,50.2
静岡県 富士市,22210,47.2,44,51.2,48,37.4,49.1,58.4,50.2,39.4
静岡県 磐田市,22211,56,67.7,61.6,46.1,40.1,63.5,48.1,54.7,66.2
静岡県 焼津市,22212,52.2,51.2,57.6,47.6,39.1,56.3,56.6,52.4,56.8
静岡県 掛川市,22213,62.5,80,56.3,56.2,46.3,65.3,57.4,58.5,80
静岡県 藤枝市,22214,53.7,49.3,61.6,46.1,39.3,62.2,61.4,54,55.7
静岡県 御殿場市,22215,58.9,61.9,72.9,47.8,31.1,69.4,70.7,53.4,63.9
静岡県 袋井市,22216,60.5,66.6,75.3,54,42.5,75.5,59.3,58,53.1
静岡県 下田市,22219,38.3,35.7,40.3,42.4,37.8,36.6,33.5,48.9,30.9
静岡県 裾野市,22220,60.2,58.5,69,46.3,29.7,80,78.2,56.2,63.9
静岡県 湖西市,22221,60.9,80,52.6,50.3,56.8,57.5,50.3,59.5,80
静岡県 伊豆市,22222,43.5,40.5,45.8,42.1,36.2,42.6,44.8,51.9,44.3
静岡県 御前崎市,22223,63.1,78.5,60.6,49.8,42.7,69.7,67.7,56,80
静岡県 菊川市,22224,62.7,80,61.2,55.6,45.1,68.9,56.5,55.3,78.9
静岡県 伊豆の国市,22225,49.2,44.8,59.2,47.8,42.6,50,49.1,53.8,46.5
静岡県 牧之原市,22226,60.3,80,58.4,49.5,45.2,66.8,46.3,56.3,80
静岡県 東伊豆町,22301,40.7,39.4,39.9,47,55.8,37.8,33.4,44.9,27.7
静岡県 河津町,22302,44.6,39.9,49.6,48.4,48.3,44.4,43.6,51,31.4
静岡県 南伊豆町,22304,38.7,44.8,41.4,42.9,33.4,42.1,36.7,45.6,22.7
静岡県 松崎町,22305,41.3,38.4,41.5,43.4,40.8,35.7,35.6,47.5,47.2
静岡県 西伊豆町,22306,41.5,39.4,55.7,41.8,31.2,31.5,32.1,49.5,51.1
静岡県 函南町,22325,61.1,52.4,80,55.6,40.2,79.7,68.5,51.7,60.3
静岡県 清水町,22341,57.3,44.2,80,47,36.8,59.8,80,51.9,58.6
静岡県 長泉町,22342,60.7,48.3,67.1,47.8,65.2,56.4,71,55.8,74.1
静岡県 小山町,22344,52,64.4,44.2,70,38.2,41.6,43.1,55.3,59.5
静岡県 吉田町,22424,68.9,80,75.3,68.3,39.8,80,69,58.4,80
静岡県 川根本町,22429,47.4,50.1,66.8,42,38,39.7,35.1,52.3,55.6
静岡県 森町,22461,57,75.6,47.2,57,47.4,50.4,39.6,58.6,80
愛知県 名古屋市,23100,45.1,41.1,47.8,44,26.9,47.2,44.8,55.4,53.7
愛知県 豊橋市,23201,50.1,52.5,51.3,45.5,46.6,52.5,48,52.8,51.5
愛知県 岡崎市,23202,55.1,58.8,58.4,50.8,39.6,64.5,56.4,56.4,55.5
愛知県 一宮市,23203,45.7,39.7,53.8,43.6,33.5,44.6,36.3,55.8,58.6
愛知県 瀬戸市,23204,49.2,60.4,50.6,45.3,43.1,46.3,41.6,55.6,50.4
愛知県 半田市,23205,56.1,52.4,57.3,47.1,80,56.7,53.6,54.5,46.9
愛知県 春日井市,23206,60.6,48.9,67.2,80,31.3,73.5,69.9,52.9,61.2
愛知県 豊川市,23207,55.6,50,63.7,51.1,52,54.6,51.5,54.3,68
愛知県 津島市,23208,49.7,42.3,50,49.7,44.9,52.3,47.8,52.1,58.7
愛知県 碧南市,23209,54.2,62.1,52.8,45.5,62,55.1,43.2,53.4,59.2
愛知県 刈谷市,23210,56.8,59.3,57.4,73.9,30.2,63,64.8,59.4,46.1
愛知県 豊田市,23211,59.7,60.8,62.8,80,37.8,65.5,61,60.2,49.9
愛知県 安城市,23212,61.7,61.6,73,59.7,44.6,71.6,69.2,58.7,55.4
愛知県 西尾市,23213,54.2,61.5,54,47.9,53.9,53.1,44.2,59.7,59.4
愛知県 蒲郡市,23214,49.5,44,50.3,41.2,80,39.7,35.1,56.5,49.4
愛知県 犬山市,23215,50.5,54.9,46.9,47.5,31.2,61.3,56.8,51.5,54.3
愛知県 常滑市,23216,53.9,48.5,48.6,44.4,61.2,59.2,41.9,51.5,76.3
愛知県 江南市,23217,50.2,40.8,52.3,56.2,28.1,51.4,52.2,52.7,68
愛知県 小牧市,23219,65.9,63.6,76.8,80,29.2,80,80,53.6,64.3
愛知県 稲沢市,23220,59.3,52.5,65.1,80,43.1,57.4,51.5,55.3,69.3
愛知県 新城市,23221,51.4,60.6,51.6,42.7,39.9,49,45.2,52.4,69.5
愛知県 東海市,23222,51.2,47.4,51.5,52.3,61,49.2,57.9,51.7,38.8
愛知県 大府市,23223,64.1,59.2,74,67.2,47,69.8,80,56.5,59.2
愛知県 知多市,23224,51.8,55.3,67,43.8,46,60.2,60.9,50.9,30.5
愛知県 知立市,23225,57.3,48.3,62.5,72.9,29.2,57.7,54.3,53.4,80
愛知県 尾張旭市,23226,61.4,49.3,80,74.3,27.8,71.3,80,51.2,57.1
愛知県 高浜市,23227,51.1,56.5,62.1,52.9,29.5,53.7,51,53.5,49.9
愛知県 岩倉市,23228,56.1,40.3,52,80,35.3,59.1,55.9,50.2,75.8
愛知県 豊明市,23229,65.4,56.2,69.9,80,31,80,80,50.6,75.4
愛知県 日進市,23230,66.1,52.8,80,80,34.3,80,80,53.3,68.1
愛知県 田原市,23231,66.8,80,62.7,54.5,71.3,77.8,51.7,56.4,80
愛知県 愛西市,23232,63.6,45.4,80,80,53.5,61.4,54.5,53.7,80
愛知県 清須市,23233,48.6,41.6,56,57,33,42.8,51.4,54.3,52.7
愛知県 北名古屋市,23234,58.7,49.7,71.5,58.1,30.1,67.2,62.4,50.9,80
愛知県 弥富市,23235,68.5,63.3,64.6,80,45.2,80,80,54.8,80
愛知県 みよし市,23236,66.8,78.6,80,80,35.1,80,80,56.2,44.7
愛知県 あま市,23237,59.4,46.5,61,68.2,37.9,66.6,64.9,50.1,80
愛知県 長久手市,23238,67.8,39.9,80,80,39.5,80,80,62.6,80
愛知県 東郷町,23302,68.3,65.4,80,76.3,32.3,80,80,52.5,80
愛知県 豊山町,23342,64.4,51.7,71.5,80,27.1,73.5,80,51.8,80
愛知県 大口町,23361,68.3,61.1,80,80,27.8,80,80,62.1,75.2
愛知県 扶桑町,23362,62.9,42.4,80,80,26.2,70,73.1,51.1,80
愛知県 大治町,23424,59.6,48.2,80,47.6,44.2,61.5,64.8,54.5,76.2
愛知県 蟹江町,23425,57.8,40.1,61.8,76.3,41,61.8,54.9,53,73.3
愛知県 飛島村,23427,67.1,54.5,80,79.8,51.6,71.8,80,60.7,58.1
愛知県 阿久比町,23441,69.5,57.7,80,65.4,64,80,76.3,52.8,80
愛知県 東浦町,23442,64.6,69.6,80,48.2,56.9,72.1,54,55.9,80
愛知県 南知多町,23445,49.6,39.2,45.4,47.6,80,45.2,33.8,52.5,52.9
愛知県 美浜町,23446,54.4,47.7,59.2,46,62,66.3,54.9,48.7,50.4
愛知県 武豊町,23447,56.6,63.8,58.6,47.7,73.5,57.2,59.3,52.1,40.2
愛知県 幸田町,23501,69.1,80,70,63.6,48.8,80,68.8,61.4,80
愛知県 設楽町,23561,51.9,45.4,79.3,41.1,80,36.4,33.8,46.6,52.3
愛知県 東栄町,23562,40.1,36.8,48.2,49,31.5,31.6,32.8,48,43.2
愛知県 豊根村,23563,41.7,35.6,80,42,40.1,37.1,35,44,20
三重県 津市,24201,50,51.2,52.5,44.8,41.7,50.9,44.2,55.4,59.5
三重県 四日市市,24202,47.7,48.3,50.2,47.9,41.6,48.9,50.2,53,41.7
三重県 伊勢市,24203,45.2,44.2,45.5,44.2,42.4,43,41.4,50.9,49.7
三重県 松阪市,24204,50.7,53.5,51.3,46.1,39.1,53.9,51,56.4,54.2
三重県 桑名市,24205,52.9,55.2,56.1,43.4,42.4,53.3,48.9,55,69
三重県 鈴鹿市,24207,58.1,52.4,67.8,59.1,50.8,63.5,57,55.5,58.8
三重県 名張市,24208,61.1,74.1,80,45.6,35.4,80,67.9,50.1,55.6
三重県 尾鷲市,24209,37,34.6,40.9,42.8,31.5,34.3,29.9,48.9,33.2
三重県 亀山市,24210,57.4,80,52.6,45.8,39.3,62.4,44.7,54.7,80
三重県 鳥羽市,24211,42,39.6,43.7,45.2,43.1,38.7,43.2,46.2,36.3
三重県 熊野市,24212,42.5,39.9,46.7,43.5,39.1,37.8,33.6,49.4,49.7
三重県 いなべ市,24214,62.8,80,61.6,58.1,45.1,79.6,43.3,54.9,80
三重県 志摩市,24215,49,40,53.2,52.2,37.3,47.6,47.7,52.2,62.2
三重県 伊賀市,24216,53.8,75.7,51.9,45.5,37.4,55.2,40.4,54.9,69.5
三重県 木曽岬町,24303,67.1,80,37.1,44.3,80,80,80,55.3,80
三重県 東員町,24324,68.4,75.3,80,71.4,37.4,80,76.4,61.9,64.9
三重県 菰野町,24341,65,80,65.8,80,34.5,75.8,55.7,56.9,71.4
三重県 朝日町,24343,50,47,80,40.3,34,36,61.1,57.2,44.1
三重県 川越町,24344,53.7,41.5,59.1,50.5,30.1,56.7,60.8,50.9,80
三重県 多気町,24441,67.8,80,72.3,80,44.2,80,45,61.1,80
三重県 明和町,24442,63.8,61.2,80,58.7,38.3,78.5,56.2,57.4,80
三重県 大台町,24443,47.2,38.9,69,48.8,35.9,41,36.6,57.5,49.7
三重県 玉城町,24461,60.3,80,64.5,42.8,52.3,68.7,55.8,58.8,59.1
三重県 度会町,24470,61.9,47.1,80,48.8,43.1,56.9,74.5,65,80
三重県 大紀町,24471,50.6,48.3,51.4,73.8,55.3,38.4,35.1,51.9,50.7
三重県 南伊勢町,24472,43.3,34.7,49.7,64,50.2,31.4,33.1,46.1,37.4
三重県 紀北町,24543,41,39.6,47.9,42.2,33.4,37.3,31.2,50.8,45.8
三重県 御浜町,24561,53.3,44,63.7,54.7,59.9,51.3,44.8,51.3,56.4
三重県 紀宝町,24562,52.9,44.8,80,41,56,48.5,63.8,46,43.3
滋賀県 大津市,25201,48.3,45.4,53.9,45.7,31.9,58.3,58.3,54.1,38.8
滋賀県 彦根市,25202,47.9,53.1,58.1,43.5,33.9,54,48.8,51.7,40.3
滋賀県 長浜市,25203,48.5,50.2,53.5,42.8,35.9,48.5,41.2,53.3,62.7
滋賀県 近江八幡市,25204,54.3,48.7,67,46.9,41.8,64.2,53,56.2,56.2
滋賀県 草津市,25206,61.2,53.8,75.3,55.5,37.9,80,80,56.4,50.3
滋賀県 守山市,25207,63.8,60.4,72.1,80,37.7,75.2,75.5,55,54.2
滋賀県 栗東市,25208,57.9,50,68.4,49.4,40.6,71.9,80,55.5,47.3
滋賀県 甲賀市,25209,55.7,80,58.9,45.6,35.2,61.3,48.9,53.2,62.3
滋賀県 野洲市,25210,62.7,53.7,65.4,80,38.5,78.2,75.9,55.9,53.8
滋賀県 湖南市,25211,61.3,60.2,80,73.5,34.2,72.4,80,50.3,40
滋賀県 高島市,25212,47.2,52.8,51.1,43.9,40.3,46.3,35.7,54.4,53.3
滋賀県 東近江市,25213,55.4,67.6,53,43.7,41.1,58.3,46,55.6,77.8
滋賀県 米原市,25214,53.9,78.3,53,48.9,34.4,47.5,37.4,56.2,75.5
滋賀県 日野町,25383,54.8,80,47.5,48.8,41.1,67.9,44.2,51.6,57.6
滋賀県 竜王町,25384,68.3,80,57.9,80,48.3,80,62,58.2,80
滋賀県 愛荘町,25425,55.9,61.3,61.2,52,36.7,59.1,42.3,54.5,80
滋賀県 豊郷町,25441,49.8,41.1,56,46.1,40.7,56.2,46.8,51.9,59.7
滋賀県 甲良町,25442,55.4,80,43.3,44.6,35.2,60.9,44.7,54.6,80
滋賀県 多賀町,25443,57.1,67.3,54,80,34.9,61.7,41.9,55.9,60.8
京都府 京都市,26100,46,42.9,48.4,42.8,48.9,46,38.6,49.9,50.7
京都府 福知山市,26201,50,61.5,51.9,48.3,40,48.4,38.3,49.2,62.7
京都府 舞鶴市,26202,46,43.7,45.7,43,41.2,37.6,35,49.7,71.9
京都府 綾部市,26203,44.7,49.9,48.5,43.9,41.4,38.7,32.1,46.9,56.8
京都府 宇治市,26204,60.5,49.6,63.8,68.4,79.2,58.9,66.1,49,49.5
京都府 宮津市,26205,39.5,38,40.7,42.1,37.7,34.5,25.4,50.7,46.7
京都府 亀岡市,26206,55.6,60.2,67.2,53.6,41.7,69,54.1,48.5,50.2
京都府 城陽市,26207,62.3,47.1,59.5,80,58.3,78,80,44.2,51.2
京都府 向日市,26208,51.1,52.7,50.2,46.7,51.9,56.5,57.5,46.8,46.7
京都府 長岡京市,26209,52.5,55,46.6,54.5,50.3,58.9,62.4,47.4,45
京都府 八幡市,26210,61.6,45.8,56.2,80,50.2,80,68.9,46.6,65.1
京都府 京田辺市,26211,66.7,73.1,80,71.6,44.5,80,80,51.3,53.5
京都府 京丹後市,26212,43.7,40.2,50.7,40.6,49.7,35.8,23.1,52.5,56.8
京都府 南丹市,26213,50.9,80,48.8,43,44,50.5,34.7,49.4,57
京都府 木津川市,26214,56.8,41.3,69.2,61.1,43.5,76.9,66.1,35.9,60.7
京都府 大山崎町,26303,51.9,46.1,54.2,80,42.5,56.4,52.4,41.1,42.7
京都府 久御山町,26322,65.1,49.6,80,69.8,79.7,80,80,44.2,37.9
京都府 井手町,26343,50.2,47.8,38.9,72.5,43.7,48.5,38.4,66.9,45.3
京都府 宇治田原町,26344,60.4,80,69.8,46.2,52.8,80,52.8,44.6,57.2
京都府 笠置町,26364,44.1,53.3,62.6,42,29.2,45.7,32.5,49.8,37.8
京都府 和束町,26365,46.3,40,42.6,63.4,68.9,30.3,20,55.3,49.8
京都府 精華町,26366,67.2,63.5,80,80,34.5,80,80,57.4,62.5
京都府 南山城村,26367,45.3,39.4,45,42,67,41.4,39.4,50.7,37.6
京都府 京丹波町,26407,49.9,46.9,80,52.9,50.5,43.3,33.3,48.4,44.3
京都府 伊根町,26463,38.1,36,41.6,42,41.5,28.5,20,52.1,42.8
京都府 与謝野町,26465,40.3,35.8,48.8,40,47,29.9,20.6,55.3,44.8
大阪府 大阪市,27100,41.7,37.8,44.4,42.7,31,41.4,38.9,50.1,47.5
大阪府 堺市,27140,45.6,44.9,52.6,46,32,51.5,51.4,49,37.2
大阪府 岸和田市,27202,44.6,39.7,47.2,45.6,40,51.1,48.2,48.5,36.3
大阪府 豊中市,27203,46.2,40.5,41.9,60,21.6,56.1,51.2,50.8,47.7
大阪府 池田市,27204,44.6,47.1,38.6,41,41.4,50.7,47.5,47.9,42.8
大阪府 吹田市,27205,54.8,42.5,60.4,65.6,22.8,71.5,71.5,52,52.2
大阪府 泉大津市,27206,41.6,39.6,50.2,44.9,27.9,43,37.7,49.7,39.9
大阪府 高槻市,27207,49.6,40.2,55.5,59.7,38.7,56.3,55,45.7,45.5
大阪府 貝塚市,27208,48.1,44.4,51.4,50.4,40.6,46.3,51.1,51.9,49.1
大阪府 守口市,27209,47.6,38.6,48.4,42,80,43.2,33.2,51.2,43.8
大阪府 枚方市,27210,51,42,57.9,57.8,27.7,67.4,70.3,45.2,39.6
大阪府 茨木市,27211,54.2,42.9,53.9,64.9,39.7,64.5,73.2,50.4,43.7
大阪府 八尾市,27212,48.5,49.4,53.6,48.4,39,53.2,53.9,46.5,43.6
大阪府 泉佐野市,27213,54.1,40.6,59.5,51.5,38.4,66,59,50.9,67
大阪府 富田林市,27214,56.8,62.7,54.8,50,34.1,78.5,67.2,48.5,58.6
大阪府 寝屋川市,27215,43.6,39.2,46.9,45.6,31.7,48.2,41.1,45.1,50.5
大阪府 河内長野市,27216,51,42.5,69.7,53.4,33.2,60.2,63.1,45.2,40.8
大阪府 松原市,27217,49,41.6,47.2,59.3,23,61.1,56.3,47.6,55.5
大阪府 大東市,27218,46.8,39.7,46.3,52.9,30.3,54.4,56.5,46.6,47.7
大阪府 和泉市,27219,53.6,41.2,62.7,49.6,37.1,65.3,54,52.7,66.2
大阪府 箕面市,27220,55.1,37.3,80,45.9,30.3,80,80,45.3,41.6
大阪府 柏原市,27221,47.9,44.7,45.6,47.4,40.7,51.7,55.3,49.9,48.4
大阪府 羽曳野市,27222,55.9,47.2,72.6,47.8,39.7,73.3,70.1,43.6,53
大阪府 門真市,27223,48.3,46.9,46.1,50.9,63.7,48.2,44.7,47,38.7
大阪府 摂津市,27224,53,46.3,58.4,46.4,27.6,66.7,61.5,48.8,68
大阪府 高石市,27225,43.1,50.2,44.2,45,25.6,50.6,50.8,47.6,30.7
大阪府 藤井寺市,27226,46.7,37.7,46.1,49.6,29.8,57.3,63.7,47.8,41.7
大阪府 東大阪市,27227,43.1,40.3,46.9,51.2,27.3,47.1,42.1,50.2,39.5
大阪府 泉南市,27228,56.4,38.4,80,58.3,39.1,62,62.1,49.5,61.5
大阪府 四條畷市,27229,50.8,39.2,46.5,55.6,31.5,58.4,58.2,51.5,65.5
大阪府 交野市,27230,59.8,45.2,77.4,57.6,27.1,80,78,47.4,66.1
大阪府 大阪狭山市,27231,61.9,52,80,68.7,30.8,80,80,47.7,56.4
大阪府 阪南市,27232,50.6,38.7,74.4,46.5,33.9,55.8,67.3,50.9,37.2
大阪府 島本町,27301,44.3,36.7,55.8,41.2,35.9,46.9,53.1,47.7,37.4
大阪府 豊能町,27321,62.6,41,80,80,28.6,80,80,49.3,62.3
大阪府 能勢町,27322,52.1,50.8,52.9,61.5,31.9,59.4,38,51.8,70.6
大阪府 忠岡町,27341,47.1,39.6,56.6,61.6,46.1,40.8,39.9,51.9,40
大阪府 熊取町,27361,61.8,51.6,75,80,37.3,74.1,68.1,53.8,54.4
大阪府 田尻町,27362,58.6,39.2,64.1,53.9,45.9,80,47.2,58.8,80
大阪府 岬町,27366,38.8,38.9,39.8,40.5,27.8,39.1,38.3,50.5,35.8
大阪府 太子町,27381,54.6,43.1,35.2,41.5,36.6,80,68,54.2,77.9
大阪府 河南町,27382,57.8,63.8,47.9,45.5,38.6,80,76,50.7,59.5
大阪府 千早赤阪村,27383,55.7,69.5,48.3,47.3,35.5,80,66.4,55.7,42.7
兵庫県 神戸市,28100,45.3,43.2,48.4,43.9,39.6,46.3,47,50.6,43.4
兵庫県 姫路市,28201,44.4,44.9,47.3,44.1,33.9,46.6,49.3,50.5,38.8
兵庫県 尼崎市,28202,41.2,40.2,43.1,45.9,28.7,41.1,39,48.7,43.1
兵庫県 明石市,28203,47,49.6,47.9,46.9,30.3,51.5,51.8,50.2,47.7
兵庫県 西宮市,28204,47.2,39.3,52.2,49.6,44.6,57.2,51.3,48.2,34.9
兵庫県 洲本市,28205,43.2,52.3,44.6,44.3,39.1,39.1,36.8,48.8,40.7
兵庫県 芦屋市,28206,49.1,36.9,50.4,55.6,40.9,70.7,65.3,47.3,25.4
兵庫県 伊丹市,28207,48.4,44.1,49.9,54.5,40.6,48.1,53.4,49,47.9
兵庫県 相生市,28208,38,37.7,42.1,45.1,36.7,32,38.6,46.6,25.3
兵庫県 豊岡市,28209,43.5,43.1,48.2,43,35.5,43.3,39,50.3,45.5
兵庫県 加古川市,28210,50.6,43.8,59.5,48.5,43.9,59.2,65.5,50.2,33.9
兵庫県 赤穂市,28212,49.8,48.3,47,45.4,80,45,42.6,50.2,39.7
兵庫県 西脇市,28213,43.2,52.1,44.4,41.8,36.6,41.7,36,50.7,42.5
兵庫県 宝塚市,28214,48.7,35.9,57.1,46.9,38.4,67.1,66.4,44.3,33.4
兵庫県 三木市,28215,54.2,50.9,71.7,47,44.3,69.5,53.9,49.1,47.4
兵庫県 高砂市,28216,44.4,52,55.5,43.9,27.2,46.2,51.1,50.9,28.8
兵庫県 川西市,28217,51.6,39.6,67.5,44.5,41.4,67.7,65.1,43.1,44
兵庫県 小野市,28218,50.3,61,53.8,43.5,43,58,39.4,54.1,49.4
兵庫県 三田市,28219,63.1,80,67,50.4,42.9,80,71.4,60.5,52.8
兵庫県 加西市,28220,47.7,55.6,53.2,45.5,38.9,52.6,35.9,54.8,45.1
兵庫県 篠山市,28221,52.7,80,55.5,50.4,41.7,50.2,38.3,52.1,53.4
兵庫県 養父市,28222,41.7,47.1,45.8,43.1,35.3,35.5,31.4,53.1,42.7
兵庫県 丹波市,28223,47.5,51.3,50.1,46.3,37.1,48.3,38.9,50.7,56.8
兵庫県 南あわじ市,28224,44.7,41.3,47.6,47.1,46.7,44.2,36,48.1,46.4
兵庫県 朝来市,28225,47,42.1,61.5,44.9,44.7,42.8,38.7,54.6,46.4
兵庫県 淡路市,28226,45,48.7,51.7,48.8,38.7,41.8,33.2,49.2,47.9
兵庫県 宍粟市,28227,45.7,45,47,43.7,34.2,44.2,44.1,51.2,56.1
兵庫県 加東市,28228,57.6,80,60,47.9,39.8,67.5,48.1,53.7,63.5
兵庫県 たつの市,28229,47.3,48,51.2,44.1,37,51.3,42.9,51.2,53.1
兵庫県 猪名川町,28301,58.9,74.8,80,48.4,32.7,80,80,49.9,25.4
兵庫県 多可町,28365,44.8,44.2,42.5,58.1,33.6,40.5,32.6,53.7,53
兵庫県 稲美町,28381,65.6,45,80,80,40.6,74.6,80,55,69.6
兵庫県 播磨町,28382,51.4,43.5,63.2,51.8,29.2,54.1,80,48.5,41.1
兵庫県 市川町,28442,48.9,66.3,44.1,48.3,34.8,53.3,32.8,52.2,59.1
兵庫県 福崎町,28443,64.4,80,67.5,71.5,50.6,73.8,49.4,52.8,69.6
兵庫県 神河町,28446,52.5,56,64.7,44,36.5,43.6,42.8,52,80
兵庫県 太子町,28464,55,51.5,67.6,59.6,32.2,52.2,73.9,50.5,52.7
兵庫県 上郡町,28481,46.8,58.9,46.3,42.5,32,50.6,48.3,48.5,47
兵庫県 佐用町,28501,47.7,54.8,50.1,45.2,39.5,45.5,36.9,49,60.9
兵庫県 香美町,28585,43.9,39.9,58.2,42.2,35.9,37.3,37.7,47.5,52.6
兵庫県 新温泉町,28586,43.6,42.6,48.8,45.6,34.9,38.8,30.2,50.8,57.4
奈良県 奈良市,29201,51.5,45.1,57.6,47.1,37.2,68,65.1,49,42.9
奈良県 大和高田市,29202,43.8,39.2,43.7,45.6,37.4,45,39.6,52.6,46.8
奈良県 大和郡山市,29203,57.1,47,68.2,74.1,41.3,72.6,62.1,47.5,44.5
奈良県 天理市,29204,57.8,46.3,61.5,71.2,41.9,73.2,61.6,51.1,55.5
奈良県 橿原市,29205,59,63.2,70.6,46.3,33.5,74.5,59.2,52.1,73
奈良県 桜井市,29206,47.9,38.2,53.9,48.1,42.3,51,46.9,53.4,49.7
奈良県 五條市,29207,48.4,59.4,46.1,45.3,51.5,49.1,39.2,51.1,45.3
奈良県 御所市,29208,48.4,43.5,74.3,47.6,42,44.1,27.4,52.6,55.4
奈良県 生駒市,29209,64.5,72.2,80,65.6,33.1,80,80,51.1,53.8
奈良県 香芝市,29210,66.3,41.5,80,80,29.1,80,73.9,65.7,80
奈良県 葛城市,29211,63.4,80,69.5,62.2,46.7,69.2,44,58.3,77.2
奈良県 宇陀市,29212,46.5,40.1,49.5,45.4,43.3,47.1,38,57.1,51.1
奈良県 山添村,29322,51,55.9,33.5,49.1,34.8,52.7,48.8,57.2,75.8
奈良県 平群町,29342,65,44.8,64.5,80,78,80,72.8,46.4,53.2
奈良県 三郷町,29343,62.4,46.9,80,76.4,36.6,80,77.2,43.4,58.5
奈良県 斑鳩町,29344,56,40.2,76.6,55.6,39,65.7,70.3,48.5,52.2
奈良県 安堵町,29345,46.4,49.1,42.9,41.4,50.2,51.1,30.8,51.4,53.8
奈良県 川西町,29361,57.9,67.9,64.1,41.6,36.9,80,37.3,55.8,80
奈良県 三宅町,29362,50.4,39.4,45.9,80,39.6,44.1,41.6,43.5,69.2
奈良県 田原本町,29363,60.3,50.9,69.5,65.2,42.2,68.7,47.5,58,80
奈良県 曽爾村,29385,45.2,39.8,48.3,40.2,57,36.6,40.7,52.9,46.2
奈良県 御杖村,29386,40.3,34.9,30.7,44.4,60,29.9,31.2,55.1,36.2
奈良県 高取町,29401,46,40.6,58.1,46.7,34.9,42.2,27.9,55.7,62.1
奈良県 明日香村,29402,58.4,44,61.8,49.6,45,73.5,74.8,61.6,57.1
奈良県 上牧町,29424,66.5,80,64.6,80,28.7,80,72.2,53.6,72.6
奈良県 王寺町,29425,49,36.2,47.6,41.7,30.8,67.5,56.3,52.5,59.4
奈良県 広陵町,29426,60.2,40.7,80,63.1,40.7,60.6,49.1,69.9,77.3
奈良県 河合町,29427,62.8,62.2,80,47.9,34.7,80,80,48.4,69
奈良県 吉野町,29441,38.5,38,40.3,40.8,33.7,37.1,30.3,48.6,39.2
奈良県 大淀町,29442,46.4,38.9,55,42.5,33.7,52.3,37.4,60.9,50.1
奈良県 下市町,29443,45.1,56.3,39.6,44.3,50.1,37.8,25.5,59.6,47.7
奈良県 黒滝村,29444,35.4,34.7,39.5,42.5,30.6,32.5,27.9,43.9,31.2
奈良県 天川村,29446,41.6,36.9,32.5,42.4,36.5,39.5,46.6,57.9,41
奈良県 野迫川村,29447,46.2,34.7,32,42,32.2,40.6,48.6,65.6,73.7
奈良県 十津川村,29449,39.7,80,34.8,42,26.2,36.5,36,28,34.3
奈良県 下北山村,29450,36.7,45.3,34.8,42,29.1,40,39,43.7,20
奈良県 上北山村,29451,41.5,43.5,47.2,42,51.4,33.7,41.8,51.9,20
奈良県 川上村,29452,34.1,38.4,31.4,40.8,25.9,32.3,29.6,48.5,26
奈良県 東吉野村,29453,36.8,47.6,38.9,41.5,24.4,34.8,26.5,46.3,34.4
和歌山県 和歌山市,30201,44.3,41.8,46,44.8,45.9,44.4,40.9,51.2,39.8
和歌山県 海南市,30202,44.1,39,41.5,42.8,68.5,36.1,33,50.4,41.2
和歌山県 橋本市,30203,45.5,35.5,55.8,42.8,44,44.4,36.5,52.2,52.9
和歌山県 有田市,30204,46.4,44.8,51,43.6,79.7,38.2,38.9,51,23.7
和歌山県 御坊市,30205,51.7,45.9,49.8,45.6,60.5,43.5,43,45.8,79.9
和歌山県 田辺市,30206,49.2,42.4,46.9,48.7,55.7,50.6,49.2,45.3,54.7
和歌山県 新宮市,30207,40.3,36.3,46,42.7,27.8,39.1,39.1,47,44.2
和歌山県 紀の川市,30208,62,64.4,61.2,55.2,55.9,69,52,58.2,80
和歌山県 岩出市,30209,64,40,80,58.7,34.6,80,80,58.6,80
和歌山県 紀美野町,30304,46.3,47.5,41.3,46.1,44.7,46.1,34.7,51.2,58.9
和歌山県 かつらぎ町,30341,47.2,43.8,46.9,41.7,56.9,43,30.6,50.9,64
和歌山県 九度山町,30343,42.9,35.8,37,46.1,49.1,42.8,36.9,51.2,44
和歌山県 高野町,30344,43,46.1,39,54.6,31.7,40.2,29.9,53.2,49.3
和歌山県 湯浅町,30361,49.3,42.9,41.4,43.7,80,41.4,35,55.7,53.9
和歌山県 広川町,30362,49.7,37.4,40.8,42.6,65,38.2,43.8,56.9,73.3
和歌山県 有田川町,30366,58.7,52.2,55.4,52.4,69.5,59,45.7,55.6,80
和歌山県 美浜町,30381,51.2,34.7,46.4,61.7,59.3,46.9,47.9,51.8,61.4
和歌山県 日高町,30382,50.7,40,52.2,48.6,45.8,46.6,44.9,55.3,72.6
和歌山県 由良町,30383,51,53,50.2,80,40.7,36.8,41,54.1,52.1
和歌山県 印南町,30390,52.9,74.7,46.5,43.2,60.9,50.7,41.1,46.8,59.8
和歌山県 みなべ町,30391,60,60.5,50.4,50.1,80,57.3,48.5,53.3,80
和歌山県 日高川町,30392,54.6,69.5,57.2,40.5,47.4,54.3,42.8,53,72
和歌山県 白浜町,30401,40.5,41.3,46.7,45.5,34.7,39.2,36.3,49.3,31.2
和歌山県 上富田町,30404,69.3,70.3,69.5,69.5,59.5,75.1,76.7,54.1,80
和歌山県 すさみ町,30406,40.2,48,41.1,42.1,35.5,38.1,34.5,45.2,37.4
和歌山県 那智勝浦町,30421,38.7,35.1,40.6,44.4,27.7,36.9,38.5,46.1,40.3
和歌山県 太地町,30422,39.1,35.1,40.2,54.2,24.4,38.9,35.4,40,44.8
和歌山県 古座川町,30424,40.5,38.1,46.7,41.2,42.5,37.3,31.7,41.2,45.2
和歌山県 北山村,30427,52.4,39.3,78.3,42,80,55.2,48.5,56.2,20
和歌山県 串本町,30428,39.5,36.7,44.8,44.1,26,37.3,33.9,46.8,46
鳥取県 鳥取市,31201,47.3,54.7,50.9,44.7,36.8,47.8,46.3,50.3,46.7
鳥取県 米子市,31202,44.9,43.5,48.1,44.1,35.7,46.4,47.9,49.5,43.9
鳥取県 倉吉市,31203,43.3,45.8,47,42.7,39.1,42.8,40.2,47.2,41.5
鳥取県 境港市,31204,42.9,43.4,52.7,48.2,25.9,40.8,40.4,46.3,45.3
鳥取県 岩美町,31302,42.5,60.3,48.9,44,31.5,35.3,25.6,48.9,45.6
鳥取県 若桜町,31325,36,38.5,43.6,45.6,35.1,26.6,21.2,51.3,25.8
鳥取県 智頭町,31328,35.7,37.4,35.3,43.5,33.9,31.4,25.4,45.9,33.2
鳥取県 八頭町,31329,47.9,37.7,56.3,76.5,35.3,37,32.6,54.6,53
鳥取県 三朝町,31364,43.4,44,39.4,80,33.8,36.6,25.8,48.9,38.6
鳥取県 湯梨浜町,31370,43.4,39.9,50.1,41.7,42.3,38.1,29.8,51,54.1
鳥取県 琴浦町,31371,47.7,46.5,53.8,53.9,55.6,35.9,30.6,51.3,54.1
鳥取県 北栄町,31372,54.8,46.1,65.6,65.4,51.5,54.6,47.3,48.4,59.8
鳥取県 日吉津村,31384,55.1,47.6,80,40.9,30.3,80,80,54,27.7
鳥取県 大山町,31386,53.9,80,45.3,80,45.8,45.2,32.5,53,49.4
鳥取県 南部町,31389,51,80,40,40.9,42.4,50.7,37.3,54.4,62.3
鳥取県 伯耆町,31390,50.6,48.8,80,46.2,37,52.7,46.3,47.6,46.3
鳥取県 日南町,31401,39.8,38,44.2,43.9,53.9,29.4,28.2,47.3,33.1
鳥取県 日野町,31402,38.7,47.9,43.9,41.5,34.7,32.4,28.8,47.8,33
鳥取県 江府町,31403,48,67,43.2,41.1,36.8,35.2,28.6,52.4,80
島根県 松江市,32201,45.8,41.8,49.8,45.2,33.9,49.9,48.3,51.2,46.1
島根県 浜田市,32202,45.4,44.6,47.4,43.2,36,40.8,37.4,51,63.1
島根県 出雲市,32203,51.8,67.8,51.9,47.8,35.1,51.3,45.2,52.8,62.6
島根県 益田市,32204,44.4,40.6,48.5,42.3,48.2,40.5,37.2,45.6,52.4
島根県 大田市,32205,44.5,53.9,45,44.1,46.2,38.6,31.2,47.6,49.6
島根県 安来市,32206,45,56.2,45.3,45.9,36.4,39.4,33.1,49.9,54.1
島根県 江津市,32207,40.8,42.1,50,45.2,32.7,35.5,31.6,45.5,44
島根県 雲南市,32209,51.2,69.5,49.8,49.8,42.8,42.4,39.5,54.9,61.3
島根県 奥出雲町,32343,44.7,62.9,44.7,45.7,43.6,41.4,33.3,46.8,38.9
島根県 飯南町,32386,48,70.5,51.5,41,52.6,38.7,33.5,50.6,45.6
島根県 川本町,32441,35.5,37.8,36.8,41.8,35.4,31.8,26.9,46.6,27.5
島根県 美郷町,32448,44.9,37.9,65.1,63.1,50.8,28.9,27.8,47.9,37.5
島根県 邑南町,32449,44.3,43.7,45.4,45.7,43.7,37.9,35.5,49.9,52.4
島根県 津和野町,32501,37.6,40.6,38.9,43.9,34.4,31.7,31.1,44.3,36.1
島根県 吉賀町,32505,51.8,48,80,50.9,60.5,37.7,38.8,48.8,50.1
島根県 海士町,32525,42.5,63.7,50.2,42.4,42.6,39.9,30.9,41.6,28.8
島根県 西ノ島町,32526,40.1,41.5,35.9,43.5,47.8,39,33.8,45.1,34.3
島根県 知夫村,32527,46.3,39.3,33.2,42,80,47.2,32.1,48.3,48.4
島根県 隠岐の島町,32528,44.4,41.4,49.4,49.5,35.8,43.3,39.1,47.7,49
岡山県 岡山市,33100,47.2,45.5,53.3,46.1,36.1,54.7,55,50.7,35.9
岡山県 倉敷市,33202,44,46.2,51.5,43.5,39.4,45.6,43.7,49.7,32.5
岡山県 津山市,33203,47.5,58.9,49.3,44.5,33.4,46.4,42.9,49,55.9
岡山県 玉野市,33204,38.8,42.4,39.7,44.4,35,34.4,37.8,45.8,31
岡山県 笠岡市,33205,45,53.7,43.9,42.5,48.4,42.3,31.7,49.6,48.3
岡山県 井原市,33207,44.5,48.3,47.1,44,37,38.9,29.6,54.2,57
岡山県 総社市,33208,50.5,53.2,58.9,49.8,32.6,54.7,46.5,50.8,57.1
岡山県 高梁市,33209,46.9,63.5,43.8,43.1,50.5,41,36.3,50,46.7
岡山県 新見市,33210,45.7,56.2,46.1,54.9,48.1,34.5,35.9,46.5,43.8
岡山県 備前市,33211,40.5,45.8,44.1,52.4,26.4,34.5,37.9,46.5,36.1
岡山県 瀬戸内市,33212,56.5,70.8,51.1,62,39.6,63,50.1,49.4,66.3
岡山県 赤磐市,33213,62.9,59.9,80,76.5,33.7,72.2,61.3,53.4,66.2
岡山県 真庭市,33214,43.7,45.9,49.7,44.7,36.5,38.1,37.8,49.6,47.4
岡山県 美作市,33215,42.9,52.9,50.2,43.3,29.7,40,33.7,48.2,44.9
岡山県 浅口市,33216,48.5,47.5,55.8,48.3,32.7,49,37.1,49.4,68.4
岡山県 和気町,33346,46.6,55.7,48.2,41.8,36.6,44.4,46,49.6,50.7
岡山県 早島町,33423,53.1,40.5,57.8,80,33.7,61.9,38.8,49.9,61.8
岡山県 里庄町,33445,65.2,80,76.3,63.4,35.2,80,63.6,48.6,74.5
岡山県 矢掛町,33461,47.9,59.2,46.6,45.8,46.1,43.2,36.4,50.6,55
岡山県 新庄村,33586,49,55.8,44.4,42,43.8,34.2,36.1,55.4,80
岡山県 鏡野町,33606,58.5,47.4,80,80,32,50.4,37.9,60,80
岡山県 勝央町,33622,61,80,50.5,75.4,39.1,66.3,45.9,51.1,80
岡山県 奈義町,33623,53.6,80,41.5,42,57.2,39.5,54,53.1,61.2
岡山県 西粟倉村,33643,40.7,40.4,40,42,31.7,32,38.8,51.1,49.4
岡山県 久米南町,33663,41.9,50.5,37,40.6,42.4,40.7,35.9,48.5,39.8
岡山県 美咲町,33666,48.7,54.1,69.2,46.3,56.4,36,35.2,49.5,42.9
岡山県 吉備中央町,33681,52.3,80,47.8,40.9,37.1,60.4,39.1,49.9,63.5
広島県 広島市,34100,46.2,48.5,50.5,44.3,34.9,53.3,57.4,51.3,29.6
広島県 呉市,34202,41.2,43.7,43.2,42.7,39.6,38.3,33.9,48.4,40.2
広島県 竹原市,34203,42.7,43.1,46,46.1,34,38.1,38.5,47.8,48.1
広島県 三原市,34204,44,50.6,44.6,44.6,40.9,42.1,42.4,48.9,38.3
広島県 尾道市,34205,43.2,46.2,43,43.1,46.6,38,38.3,48.3,42.3
広島県 福山市,34207,45.5,43.8,54.4,46,40.1,45.8,49.6,48,36.7
広島県 府中市,34208,39.4,40.6,42,44,34.4,32.9,33.4,46.2,41.8
広島県 三次市,34209,45.7,53.7,46.7,42.9,44.2,43.3,38.3,48.7,47.6
広島県 庄原市,34210,43.1,45.2,44.3,41.7,48.2,37.3,33.7,49.6,45
広島県 大竹市,34211,40.9,44.3,46.6,45.5,29.6,35.9,38,48.1,39.2
広島県 東広島市,34212,70.1,80,80,77,32,80,79.7,55.3,77.1
広島県 廿日市市,34213,56.1,46.4,65.4,72,37.6,64.1,69,50.8,43
広島県 安芸高田市,34214,50.2,48.7,53.4,80,39.9,44.9,37.9,48.2,48.4
広島県 江田島市,34215,43.4,44,52.6,44.5,29.9,39.4,34.4,48.9,53.1
広島県 府中町,34302,50.2,38.6,80,61.8,22.4,28.8,71.1,52.5,46.7
広島県 海田町,34304,50.9,50.5,52.9,80,27.3,45,61.2,49.2,40.8
広島県 熊野町,34307,59.2,57.5,56.9,43.8,34.5,80,75.5,45.3,80
広島県 坂町,34309,59.4,59.2,80,66.3,22,80,57,50.4,60.2
広島県 安芸太田町,34368,40.6,46,48,45.9,32.1,33.8,33.5,45.4,40.2
広島県 北広島町,34369,59.6,80,63.2,80,39.8,56.9,46.2,49.9,60.3
広島県 大崎上島町,34431,43.4,43.6,45.2,42.5,44.4,32.5,30.6,43,65.4
広島県 世羅町,34462,46.4,39.9,47,50.9,56.4,40.3,34.3,48.4,54.2
広島県 神石高原町,34545,44.2,45.7,41.8,45.6,39,37,33.2,45.7,65.9
山口県 下関市,35201,42.2,43.6,46.8,43.3,40.7,40.1,41.2,46.2,35.6
山口県 宇部市,35202,41.8,43.8,45.1,43.9,36.1,43.6,39.8,50,31.7
山口県 山口市,35203,50.8,56,52.6,46.3,35.7,55.8,56,52.5,51.7
山口県 萩市,35204,41.2,41,43.8,42.5,35.8,39.1,38.9,45.5,42.9
山口県 防府市,35206,49.6,79.3,50.4,46.2,31,47.7,48,49.5,44.8
山口県 下松市,35207,45.7,41.2,65.9,46.7,34.2,40.7,46.2,50.5,40.1
山口県 岩国市,35208,42.9,44.9,45.9,46.1,34.4,40.7,35.4,50.8,44.8
山口県 光市,35210,44.4,47,46.7,51.9,31.3,39.8,42.1,49.3,47.3
山口県 長門市,35211,43,51.5,45,41.7,38.2,38.5,32.9,46.4,50.1
山口県 柳井市,35212,42.8,42.4,45.9,41.9,31.2,40.5,36.1,50.3,53.8
山口県 美祢市,35213,40.7,49.8,41.2,43.4,34.4,38.6,34,49.2,35.3
山口県 周南市,35215,41.6,48.3,41.8,42.4,32.8,40.7,44.6,50.9,31.3
山口県 山陽小野田市,35216,45.8,50.2,49.5,50.7,37.6,45,42.3,50.3,40.8
山口県 周防大島町,35305,37,36.9,39.1,41.3,28,33.3,24.6,46.7,45.8
山口県 和木町,35321,36.6,48.1,38.9,41.3,23.8,32.4,40.1,45.1,22.9
山口県 上関町,35341,36,40.7,33.8,42.7,22.9,28.2,21.7,58,39.9
山口県 田布施町,35343,47.6,52.7,56.6,43.5,30.9,51.9,44.3,50.2,50.5
山口県 平生町,35344,46.1,42.7,75.1,43.4,32.4,45.5,48.6,49.2,31.7
山口県 阿武町,35502,38.2,42.5,39.3,43.1,42.3,34.1,30.3,45.6,28.5
徳島県 徳島市,36201,49.4,51.3,46.8,45.3,50.7,48.2,52.8,51.7,48.7
徳島県 鳴門市,36202,48.8,47.4,47.9,47.9,62,38.4,38.1,51.6,56.9
徳島県 小松島市,36203,45.6,38.8,53.4,48.3,43.2,44.2,35.9,51.8,49.6
徳島県 阿南市,36204,51,54,53.6,48.2,40.5,42.6,37.4,55.5,76.2
徳島県 吉野川市,36205,49.2,41.7,51.8,48.9,41.8,44.4,39.9,51.2,74.4
徳島県 阿波市,36206,49.1,45.8,46.3,48.4,44.2,44.2,33.2,53.4,77.1
徳島県 美馬市,36207,47.1,46.6,53.7,45,37.9,38.6,33.4,52.3,69.4
徳島県 三好市,36208,42.3,48,40.9,47.7,35.9,36.9,33.3,49.1,46.4
徳島県 勝浦町,36301,49.3,57.9,44.5,66.7,51.4,39,31.4,53.3,50.5
徳島県 上勝町,36302,41.6,42,34.8,42,64.3,32.3,28.2,48,40.9
徳島県 佐那河内村,36321,42.2,37.7,34.8,42,48.8,31.5,30.8,57.6,54.1
徳島県 石井町,36341,60.9,43.9,80,80,41.6,71.8,51.3,54.7,63.6
徳島県 神山町,36342,51,40.6,44.9,80,49.3,34.6,27.1,59.3,72.2
徳島県 那賀町,36368,46.6,66.7,43.8,47.4,53.8,35.6,29.4,48.1,48.3
徳島県 牟岐町,36383,40.6,36.4,44.1,48.8,41.5,36.3,37.2,40.2,40.5
徳島県 美波町,36387,42.8,43.7,41.4,55.1,38.6,36,32.1,47.5,48
徳島県 海陽町,36388,47.6,74.9,48.6,48.2,38.8,40.6,32.6,45.2,51.6
徳島県 松茂町,36401,70.5,80,80,49.5,73.6,80,67.3,54,80
徳島県 北島町,36402,56.4,40,80,60.9,41.8,57,60.1,52.3,58.7
徳島県 藍住町,36403,63.7,46.7,80,67.7,54.9,67.5,80,54,58.4
徳島県 板野町,36404,65.5,80,46.4,80,67.8,69.1,43.9,56.9,80
徳島県 上板町,36405,55.4,48.3,80,45.1,51.2,53.6,36.3,55.5,73.3
徳島県 つるぎ町,36468,46.6,80,37.7,48.1,32.7,34.1,22,48.3,70.1
徳島県 東みよし町,36489,56.2,38.5,76.5,80,30.1,49.6,42.1,54,78.5
香川県 高松市,37201,45.2,40.6,53.1,44.4,33.1,48.2,50.9,51.7,39.7
香川県 丸亀市,37202,47.9,49.3,56.5,45.6,30.3,51.8,48.1,52.5,48.8
香川県 坂出市,37203,41.5,46.3,44.3,49.4,44.5,37,36.7,50.3,23.6
香川県 善通寺市,37204,46,43.4,48.1,51.9,40.3,44.4,39.5,52.7,47.3
香川県 観音寺市,37205,49.4,50.3,50.1,47.3,44.4,44,40.9,54.2,64.1
香川県 さぬき市,37206,52.1,57.4,58,68.7,33.7,49.2,40.1,52.9,56.7
香川県 東かがわ市,37207,46.4,47.3,43.3,54.8,37.5,40.7,31.8,53.3,62.7
香川県 三豊市,37208,52.9,55.7,48.6,58.7,44.5,45.8,39.3,52.8,77.7
香川県 土庄町,37322,41.5,49.1,43.7,45.9,31,34.7,34.3,46,47.2
香川県 小豆島町,37324,41.1,45.1,41.7,49,34.5,35.7,33.5,46.1,43.3
香川県 三木町,37341,56.8,59.5,59,54.5,37.2,70,47.8,56.1,69.8
香川県 直島町,37364,41.7,70.6,36.1,43,28.4,38.3,41.3,49.9,25.8
香川県 宇多津町,37386,64,41.5,80,80,33.1,80,80,59.6,57.6
香川県 綾川町,37387,67.3,65.7,79.1,80,38.8,80,59.6,55.5,80
香川県 琴平町,37403,37.3,38.5,35,41.8,35.6,32.7,28.7,49.2,37.3
香川県 多度津町,37404,46.9,67.7,51.4,46.4,37.4,41.8,37.4,53,40
香川県 まんのう町,37406,56.1,57,60.2,58.6,38.8,52.2,44.2,57.9,80
愛媛県 松山市,38201,46.1,39.3,50.9,48.6,38.9,51.5,51.5,52.2,36.3
愛媛県 今治市,38202,45.7,48.7,46.4,46.4,41.4,41.1,39.6,52.8,49.3
愛媛県 宇和島市,38203,44.8,37.2,45.8,50.2,44.6,39.3,37.3,49.4,54.9
愛媛県 八幡浜市,38204,45.3,40.4,41.8,42.9,72.4,33.6,32.4,49.4,49.4
愛媛県 新居浜市,38205,42.6,43.6,47.6,47,29.8,41.4,43.6,47.6,40.1
愛媛県 西条市,38206,54.2,71.6,55.1,54.1,43.7,49.1,49,51.6,59.4
愛媛県 大洲市,38207,49.5,41.5,58.5,52.2,39.5,47.5,42.9,52.6,61
愛媛県 伊予市,38210,52.4,52.3,61,47.4,39.6,50.6,38.9,53.6,75.7
愛媛県 四国中央市,38213,48.4,51.3,51.2,45.8,39.8,46.3,46.8,53.5,52.4
愛媛県 西予市,38214,47,42,51,46.6,50.2,37,35.4,51.6,62
愛媛県 東温市,38215,64.3,52,80,80,35.8,80,63.3,58.2,64.8
愛媛県 上島町,38356,47.5,80,41,43,35.2,39.5,33.2,47.8,60
愛媛県 久万高原町,38386,45.6,43.7,51.8,63.5,41.7,35.8,29.3,45.3,53.4
愛媛県 松前町,38401,63.1,43.7,76.6,80,46.7,65.9,80,49,63
愛媛県 砥部町,38402,69.1,60.7,80,80,50.1,80,69.2,53.1,80
愛媛県 内子町,38422,44.2,45.6,44.6,44.1,36.8,36.5,33.1,46.8,65.9
愛媛県 伊方町,38442,54.6,53.3,55.7,80,50.2,38.5,32.6,46.8,80
愛媛県 松野町,38484,43.6,44.1,48.1,45.2,36.7,38.2,38.3,48.1,50.3
愛媛県 鬼北町,38488,49.3,47.8,77.5,42.4,33.8,42.1,41.1,50.5,59.6
愛媛県 愛南町,38506,45.6,37.7,52.1,56.1,34.5,36.5,34.5,50.2,63.6
高知県 高知市,39201,44.5,37.9,48.3,43.7,53,45.7,45,49.3,33.2
高知県 室戸市,39202,41,51.7,39.7,46,48.9,32,29.7,38.5,41.3
高知県 安芸市,39203,44.4,43.6,46,43.4,53.7,35.7,34.9,46.1,51.4
高知県 南国市,39204,56.8,42.8,65.7,80,42.2,66.2,51.6,50.9,54.8
高知県 土佐市,39205,49.1,42.1,52.9,48.5,57.2,46.2,39.3,48.2,58.1
高知県 須崎市,39206,45.9,44.6,49.9,44.3,68.3,39.9,33.5,47.8,39.2
高知県 宿毛市,39208,49.4,43,46.7,52.9,43,44.4,44.2,54.4,66.5
高知県 土佐清水市,39209,40.9,41.2,43.8,41.5,43.1,35.8,28,47.6,45.9
高知県 四万十市,39210,47.4,39.6,51.3,43.6,44.2,45.9,46.3,52.1,55.8
高知県 香南市,39211,62.9,80,65.3,70.4,54.1,64.4,45.4,49.3,74.4
高知県 香美市,39212,47.5,57.5,44.7,55,47.6,41.1,33.7,53.1,47.1
高知県 東洋町,39301,36.5,34.6,38.5,48.5,40.6,31.7,23.2,39.9,35.3
高知県 奈半利町,39302,44.9,36.9,45.5,67,61.5,34.5,33.5,45.9,34.4
高知県 田野町,39303,38.8,35,48.9,40.2,43.7,34.7,28.5,45.2,34.2
高知県 安田町,39304,37.1,37.6,34.8,42,46.2,32.2,31.7,40.4,31.7
高知県 北川村,39305,37.3,39.3,33.2,42,44.1,39.2,35.3,45.5,20
高知県 馬路村,39306,40.7,47.1,44.9,42,65.7,28.7,29.2,47.8,20
高知県 芸西村,39307,56.6,40.4,51.1,80,55.5,80,38.3,46.8,60.4
高知県 本山町,39341,40.2,38.4,43.5,40.6,53.2,35.2,32.8,49.9,28.2
高知県 大豊町,39344,37.5,49.2,35.2,40.5,25.9,35,25.3,51.3,37.5
高知県 土佐町,39363,43.4,47.1,43.3,44.4,49.3,37.1,31,48,47.3
高知県 大川村,39364,40.4,39.3,29.5,42,46.5,31.5,29.8,50.1,54.8
高知県 いの町,39386,46.3,43.1,45.6,49,44.6,42.3,40.1,52.5,53
高知県 仁淀川町,39387,44.5,45.5,53.9,49.4,33.4,32.7,27.7,50.3,62.8
高知県 中土佐町,39401,48.4,43,44.6,63.2,67.9,37.4,30.4,51,50.1
高知県 佐川町,39402,46.5,38.8,59.8,46.1,45.3,42.8,40.2,51.3,47.7
高知県 越知町,39403,40.5,39.4,41.5,42.1,50,35.6,31.6,45.8,37.8
高知県 檮原町,39405,43.1,51.8,51,39.9,41.4,39.9,34.7,51.2,35.2
高知県 日高村,39410,53.8,70.3,35.5,41.1,41.2,64.7,56.4,50.9,70.6
高知県 津野町,39411,45.9,42.8,44.6,41.1,46.2,39.4,37.5,57.1,58.1
高知県 四万十町,39412,47.9,44.3,52.1,47.6,63.9,40.8,34.7,49.9,49.9
高知県 大月町,39424,39.7,40.4,39,44.4,50,33,30.6,40.2,39.9
高知県 三原村,39427,48.7,50.9,36,42,70,39,47.6,49.1,54.6
高知県 黒潮町,39428,48.4,44.1,44.3,60,49,41.1,37.3,50.1,61.1
福岡県 北九州市,40100,42.7,40.6,45.8,44.1,37,37.9,38.4,48.1,49.4
福岡県 福岡市,40130,50.5,41.8,55,45.4,39.1,60,56.7,52.1,54.2
福岡県 大牟田市,40202,39.3,42.5,41.3,42.9,34.7,34.2,35.8,43.2,39.9
福岡県 久留米市,40203,48.5,42,50.1,45.6,56.7,48.7,46.8,50.8,46.9
福岡県 直方市,40204,45.3,46.5,47.2,45.1,43.8,40.8,39.6,46,53.3
福岡県 飯塚市,40205,48.4,48.9,49.7,45,34.5,46.2,45.6,50.9,66.1
福岡県 田川市,40206,43.5,39.2,44.6,42.5,54.6,33.6,34.1,46.4,52.8
福岡県 柳川市,40207,47.1,43.4,52.5,48.5,35.3,46.8,38.6,47.5,63.6
福岡県 八女市,40210,51.8,55.5,52.7,50.1,61,44.9,37.5,50.5,62.3
福岡県 筑後市,40211,53.2,49,61.3,55.6,45.9,53.7,44.8,51.7,63.7
福岡県 大川市,40212,38.2,36.5,42.2,42.5,33.6,33.9,34.8,44.1,37.8
福岡県 行橋市,40213,52.7,57.3,52,46.3,33.4,56.5,58.1,46.6,71.2
福岡県 豊前市,40214,47.5,59.6,53.2,47.1,38.5,45.9,32.6,48.1,55.1
福岡県 中間市,40215,54.1,48.3,69.2,52.8,31.1,62.2,61.9,47.1,60.5
福岡県 小郡市,40216,67.2,80,65.8,80,39.5,80,70.6,54.8,67.1
福岡県 筑紫野市,40217,64.3,80,74.4,66.2,36.4,80,80,51.6,45.6
福岡県 春日市,40218,55,36.2,80,49.6,20.7,66.2,75.3,53.6,58.8
福岡県 大野城市,40219,64.3,50.1,80,80,21.8,80,80,55,67.6
福岡県 宗像市,40220,64.7,73.7,80,62.9,43.5,80,70.1,46.4,60.9
福岡県 太宰府市,40221,62,62.4,80,68.9,23.2,80,80,45.9,55.4
福岡県 古賀市,40223,55.6,57.2,48,55.7,33.6,74.8,78.5,51.1,45.8
福岡県 福津市,40224,59.7,46.5,62.8,63,53.7,76,65.8,50,59.5
福岡県 うきは市,40225,44.1,40.5,50.4,45.9,46.8,41.3,35.6,46.7,45.5
福岡県 宮若市,40226,59.4,80,55.5,45.9,39.8,80,42.8,51.5,80
福岡県 嘉麻市,40227,45.7,48,41.7,42.6,44.6,38.5,37.6,46.5,65.9
福岡県 朝倉市,40228,49.6,53.9,50.7,52,50.1,46.2,39.6,50.2,54.5
福岡県 みやま市,40229,46.1,40,45.4,47,53.7,40,36.3,49.7,56.5
福岡県 糸島市,40230,61.9,70,69.4,49.8,57.8,69.5,62.7,54.6,61.1
福岡県 那珂川町,40305,65,40.5,80,80,37,80,80,47.5,75.3
福岡県 宇美町,40341,58.6,52,48,80,21.6,78.5,73.6,54.1,61.5
福岡県 篠栗町,40342,59,45.2,54.7,80,29.9,80,65.4,54.9,62.1
福岡県 志免町,40343,49.8,38.4,53.4,48.8,26,57.7,58.7,53.5,61.7
福岡県 須恵町,40344,59.5,48.3,43.8,80,26.2,80,80,51.7,65.9
福岡県 新宮町,40345,64,71.9,74.2,55.3,26.4,80,80,60.7,63.1
福岡県 久山町,40348,59.6,45.5,70.8,45.3,33.5,80,80,56.1,66
福岡県 粕屋町,40349,63.3,44.5,79.9,80,34.9,80,70,53.1,64.1
福岡県 芦屋町,40381,44.3,40.1,44.6,46.2,38.8,37.5,37.4,55.8,54
福岡県 水巻町,40382,53.1,49,63.6,52,25.6,55,55.6,51.2,72.5
福岡県 岡垣町,40383,66.7,80,62.2,80,38.5,80,80,47.5,65.1
福岡県 遠賀町,40384,65.2,80,80,57.6,35.1,80,80,49.7,59.2
福岡県 小竹町,40401,50.2,54.3,39.9,62.1,46.2,46.3,37.6,47.5,67.9
福岡県 鞍手町,40402,54.4,50.3,52.9,65.1,39.5,50.2,45,52.3,80
福岡県 桂川町,40421,60.3,54.4,48.6,78.1,34.5,65.4,66.7,54.7,80
福岡県 筑前町,40447,58.2,62.2,61.7,60.1,45,66.7,58.7,54.3,57.2
福岡県 東峰村,40448,45,42.2,80,42,32.1,38,35.2,53.1,37
福岡県 大刀洗町,40503,63,58.8,57,80,51.1,75.7,51.2,56.3,74.1
福岡県 大木町,40522,49.1,49.7,62.2,41.9,36.3,51.7,36.6,49.3,65.1
福岡県 広川町,40544,66,69.8,80,80,61.9,67,38.9,50.7,80
福岡県 香春町,40601,45.3,36.1,49.6,77.6,42.9,33.3,38.7,44.4,39.4
福岡県 添田町,40602,39.1,34.5,38.8,44.3,43.3,31.8,30.2,45.6,44.2
福岡県 糸田町,40604,40.7,35.3,35.5,42.4,46.2,28.7,30.7,47,60
福岡県 川崎町,40605,48.2,50.3,57.1,43.8,37,43.4,34.5,49.4,69.8
福岡県 大任町,40608,45.4,65.5,36.4,47.9,25.7,41.7,50,46.3,49.8
福岡県 赤村,40609,45.7,35.6,35.3,44.9,48.3,60.5,51.1,46,43.7
福岡県 福智町,40610,54,53.6,47.7,74.6,39.6,41.4,44.1,50.9,80
福岡県 苅田町,40621,63.5,80,69.9,80,31.4,78.2,66.7,46.2,56
福岡県 みやこ町,40625,63.9,80,57.9,80,40.1,74,49.8,49.6,80
福岡県 吉富町,40642,37.8,40.8,46.5,42.4,29.7,28.8,28,47.7,39
福岡県 上毛町,40646,58.7,80,80,40.8,33.1,79.4,33.6,49.1,73.4
福岡県 築上町,40647,48.3,67.6,50,42.3,35.7,46.2,35.9,47.7,61.1
佐賀県 佐賀市,41201,46.9,45.2,49.6,45.1,34.5,51.6,47.1,48.7,53.7
佐賀県 唐津市,41202,48.9,47.2,49.1,43.5,57.5,46,41.3,49.2,57.7
佐賀県 鳥栖市,41203,58.6,50.6,64,80,31.9,64.9,70.3,49.3,58.1
佐賀県 多久市,41204,50,61.4,45.6,50.9,39.6,44.5,38.8,49.3,69.6
佐賀県 伊万里市,41205,55.8,80,47.3,48.1,53,42.8,43.9,51.1,80
佐賀県 武雄市,41206,51,48.8,54.5,47.5,37.7,50.3,43.8,52.6,72.5
佐賀県 鹿島市,41207,46.9,50.7,48.6,46.9,49,43.3,38.7,46.2,51.8
佐賀県 小城市,41208,53.9,43.8,61.6,57.6,39.3,55.7,48.4,49.1,76
佐賀県 嬉野市,41209,45.2,47.6,43.4,44.6,45.4,42,32.6,49.8,56.7
佐賀県 神埼市,41210,53,70.4,50.5,52.7,34.7,55.1,39,51.9,70.1
佐賀県 吉野ヶ里町,41327,58.4,80,51.6,51,39.6,56.3,54.9,53.4,80
佐賀県 基山町,41341,55.4,42.1,53.2,80,27.1,63.8,62,55,59.7
佐賀県 上峰町,41345,64.1,66.4,65.4,55,37.1,80,80,53.1,75.7
佐賀県 みやき町,41346,59.7,55.2,80,80,35.8,61.9,48.2,48,68.3
佐賀県 玄海町,41387,56.5,43.3,39.5,45.2,80,63.1,46.8,55.4,78.5
佐賀県 有田町,41401,42.1,41.9,43,43.6,46.5,35.2,42.7,46,37.5
佐賀県 大町町,41423,46.9,73.6,38.1,41,35.8,34.7,26.9,50.4,74.9
佐賀県 江北町,41424,59.2,80,69.7,47,42.2,59.4,42.9,52.5,80
佐賀県 白石町,41425,50.3,40.1,46.8,54.1,55.9,51.7,36.7,52.2,65.3
佐賀県 太良町,41441,50.5,45.1,51.9,44.5,80,47.2,33.9,42.3,58.8
長崎県 長崎市,42201,42.7,41.8,45.2,43.7,38.5,43.4,43.7,47,37.9
長崎県 佐世保市,42202,45.7,41.1,54.1,43.9,43,41.4,39.7,47.9,54.4
長崎県 島原市,42203,47.2,42.7,44.7,45.2,66.6,42.4,38.7,45.6,52.1
長崎県 諫早市,42204,58.1,80,58.5,48.5,38.7,66.5,57.7,49,65.8
長崎県 大村市,42205,58.2,67.1,59.6,49.8,46.6,62.9,62.5,52,64.9
長崎県 平戸市,42207,44.9,50.9,44.7,45.7,35.8,39.3,34,45.9,63
長崎県 松浦市,42208,56,63.6,46.5,80,43.3,45.6,39.2,49.8,80
長崎県 対馬市,42209,44.9,40.8,49.2,44.6,34.1,38.7,36,48.6,66.8
長崎県 壱岐市,42210,48.7,48.5,54.2,47.8,47.7,46.4,36.3,48.5,60
長崎県 五島市,42211,47.1,45.7,50.6,46.5,39,42.4,37.7,42.9,72.4
長崎県 西海市,42212,54.4,80,51.2,47.7,59.8,39.1,33.3,44.3,80
長崎県 雲仙市,42213,50.2,45.9,54.4,51.6,56.9,46.4,38.7,46.8,61.3
長崎県 南島原市,42214,51.8,50,54.6,57,58.3,51.3,41.8,39.3,62.5
長崎県 長与町,42307,67.9,53.8,80,80,43,80,80,53.6,72.7
長崎県 時津町,42308,62.2,50.5,80,69.4,34.2,78.9,80,50,54.6
長崎県 東彼杵町,42321,51.2,54.7,55.6,43.7,51.5,56.8,40,47.7,60
長崎県 川棚町,42322,48.8,56.8,43.9,47.8,50.8,45.5,41.2,47.2,57.4
長崎県 波佐見町,42323,45.6,61.1,54.4,43.1,40.5,33.3,41.4,46,45.1
長崎県 小値賀町,42383,37.1,39.8,39.7,40.3,34.2,33.5,26,48.1,35.5
長崎県 佐々町,42391,63.6,80,62.2,47.4,45,66,75,52.8,80
長崎県 新上五島町,42411,47.6,51.9,59.2,49.8,26,35.7,33.9,44.1,80
熊本県 熊本市,43100,50.4,44.2,51.9,45.3,57.6,52.6,52.1,50.6,49.3
熊本県 八代市,43202,45.7,44.7,48,45,45,44.4,41.6,46.6,50.7
熊本県 人吉市,43203,44.7,44,45.4,43.9,49,40.5,43.2,47.1,44.3
熊本県 荒尾市,43204,48.6,42.4,61.8,47.7,42,44.8,44.5,46.7,59.3
熊本県 水俣市,43205,42,47.3,43.2,43.4,47.8,36.6,35,46.2,36.6
熊本県 玉名市,43206,51.9,44.7,54.7,45.9,60,49.6,40.7,51.9,67.9
熊本県 山鹿市,43208,55.2,53.6,56.5,45.4,80,60.8,56.4,44.4,44.2
熊本県 菊池市,43210,65.1,80,58.8,80,58.5,64.7,48.1,50.6,80
熊本県 宇土市,43211,52,46.1,68.3,48.5,41.8,50.4,49.3,51.3,60.6
熊本県 上天草市,43212,47.5,41.2,56.3,45.2,45.1,41.1,33.1,50.8,66.8
熊本県 宇城市,43213,52.2,66.1,58,50,36,45.7,33.1,49,80
熊本県 阿蘇市,43214,52.5,80,52.1,47,55,48.6,38.9,46.9,51.9
熊本県 天草市,43215,44.7,42,48.6,44.6,36.3,41.5,39.3,47,57.8
熊本県 合志市,43216,73,80,80,80,48.4,80,80,56,80
熊本県 美里町,43348,49,42.1,50.9,49.4,40.2,44.8,33.9,54.2,76.4
熊本県 玉東町,43364,49.5,41,56.1,58.7,58.8,40,34.6,50.8,55.9
熊本県 南関町,43367,55.3,80,50.3,42.6,40.5,63.9,37.5,47.7,80
熊本県 長洲町,43368,44.4,64.3,47.6,44.9,37.3,46.6,39.9,51.9,22.8
熊本県 和水町,43369,61.1,80,60.8,80,46.7,56.1,41.6,51.6,71.9
熊本県 大津町,43403,70.8,80,80,80,54.2,80,63.2,48.7,80
熊本県 菊陽町,43404,72.8,80,80,80,45.3,80,80,57.3,80
熊本県 南小国町,43423,53.9,41.2,49.1,47.5,80,64.1,52.1,39.1,57.8
熊本県 小国町,43424,40.6,37.2,43.8,43.4,53.3,38.5,36.5,36.6,35.1
熊本県 産山村,43425,52.1,39.3,42.5,42,80,50,51.8,41.7,69.5
熊本県 高森町,43428,45.2,58.3,50.8,40.5,48.1,41.1,34.9,40.1,48
熊本県 西原村,43432,75.9,80,75.6,80,78.7,80,80,53.1,80
熊本県 南阿蘇村,43433,56,38.4,76.5,49.9,46.4,59.5,59,50,68
熊本県 御船町,43441,58.5,58.6,54.5,80,41.3,58.1,50.7,45.1,79.3
熊本県 嘉島町,43442,71.2,80,80,80,34.1,80,80,55.2,80
熊本県 益城町,43443,72.1,80,80,80,47,80,79.4,50.7,80
熊本県 甲佐町,43444,53.7,47.9,50.8,80,40.1,54.3,41.3,49.2,66
熊本県 山都町,43447,43.6,45.5,45.1,43.7,45,42.8,33.2,44,49.8
熊本県 氷川町,43468,46.4,34.8,64,42.7,45.9,43.2,33.6,45.6,61.4
熊本県 芦北町,43482,41.5,42.3,44.2,41.9,45.6,36.9,29.8,44.9,46.1
熊本県 津奈木町,43484,43.4,41.9,43.8,42,38.1,36.4,38.4,43.4,63
熊本県 錦町,43501,67.3,80,57.2,69.8,64.4,70.7,67.2,51.2,78.2
熊本県 多良木町,43505,43,41.1,49.4,43.4,45.8,36.8,33.6,49.7,43.9
熊本県 湯前町,43506,41,37.1,42.1,47.4,48.4,33.7,35.8,45.7,37.8
熊本県 水上村,43507,41.2,42.4,34,40.2,45.2,30.3,36.5,43.8,57.4
熊本県 相良村,43510,56.1,44.6,80,42.4,67.4,60.6,48.5,45.1,59.9
熊本県 五木村,43511,35.8,38.8,35.7,42,28.5,30.3,24.9,37.8,48.5
熊本県 山江村,43512,47.6,35.9,47.8,42,38.6,50.9,61.8,48.1,55.8
熊本県 球磨村,43513,37.9,47.1,34.8,42,36.3,20.7,28.8,47.2,46.1
熊本県 あさぎり町,43514,54.3,44.5,56.8,80,52.2,45.1,43.3,44.9,67.9
熊本県 苓北町,43531,48.4,43,47.3,44.1,46,42.8,32.7,51.3,80
大分県 大分市,44201,51.4,59.8,53.2,47.6,43.1,55.7,61.7,50.2,40.2
大分県 別府市,44202,41.1,39.1,45.1,42.4,35.6,39.5,33.6,48.9,44.9
大分県 中津市,44203,53.6,80,51.3,45.3,41.4,51.1,43.5,50.7,65.4
大分県 日田市,44204,48.5,45.9,52.2,44.5,59.6,43.3,43.6,47.7,51.2
大分県 佐伯市,44205,45.3,40.4,47.1,45.1,44.7,41.4,40.3,50.7,52.9
大分県 臼杵市,44206,45.8,43.7,54,43.5,42.6,42.6,38.7,48.6,53.2
大分県 津久見市,44207,40.4,42.9,38.6,42.9,50.5,34.5,34,47.3,32.3
大分県 竹田市,44208,47.7,39.9,44.4,44.7,71.3,41.9,35.4,44.9,59.2
大分県 豊後高田市,44209,47.6,60.6,43.6,46.2,50,41.8,32.1,46.5,60
大分県 杵築市,44210,57.6,80,56.9,47.5,52.6,58.6,40.9,52,72.2
大分県 宇佐市,44211,54.7,80,58.8,42.2,40.5,48.8,39.2,51.8,76.7
大分県 豊後大野市,44212,50.2,52,55.2,51.3,44.6,47.5,39.8,47.7,63.7
大分県 由布市,44213,66.9,80,71.2,80,41.8,75.8,54.2,53.8,78
大分県 国東市,44214,51.8,80,48.6,43.6,37.3,54.5,32.2,48.4,70.1
大分県 姫島村,44322,41.5,35.6,46.8,65.3,23.4,37.1,32.9,51.1,39.4
大分県 日出町,44341,65.6,60.5,68.3,67.1,57.8,80,72.6,53.2,65
大分県 九重町,44461,53.1,43.4,40.9,80,67.5,48.3,44.6,46.2,53.7
大分県 玖珠町,44462,49.6,38.1,49,65,54.1,44.1,39.9,47.8,58.4
宮崎県 宮崎市,45201,55.4,52.5,60.4,47.7,64.9,59.2,58,52.2,48.4
宮崎県 都城市,45202,58.1,64.7,54,48.2,76.2,56.4,49.4,49.3,66.4
宮崎県 延岡市,45203,44,46.4,45.1,46.5,44.9,42.9,45,45.3,36
宮崎県 日南市,45204,45.8,43.7,44.4,44.7,70,41.7,38.6,43.9,39.1
宮崎県 小林市,45205,51.2,47.1,49.9,42.8,77.7,46,43.2,46.4,56.8
宮崎県 日向市,45206,50,42.6,54.6,46.2,64,49.7,56.7,45.9,40
宮崎県 串間市,45207,45.5,39.5,44.8,41.7,72.6,40.5,32.5,43,49.8
宮崎県 西都市,45208,54,59.8,52.1,46.1,80,49,38.8,49.9,56.2
宮崎県 えびの市,45209,55.1,53.3,47.7,60.1,77.2,49.1,39.5,44.9,69.2
宮崎県 三股町,45341,59.3,44.5,68.6,52.2,58,62.4,69.6,49.5,69.2
宮崎県 高原町,45361,53.6,49.9,42.9,80,69.3,48.3,43.2,45.6,49.4
宮崎県 国富町,45382,67.5,80,60.5,79.5,59.5,74.4,52.4,53.6,80
宮崎県 綾町,45383,64.5,80,64.9,74.1,80,57.5,51.8,50.4,57.2
宮崎県 高鍋町,45401,51,37.7,52,48.3,58.3,47.3,48.3,51.2,65.2
宮崎県 新富町,45402,60.4,71.4,62.3,50.4,64.9,55.9,61.5,52.9,64
宮崎県 西米良村,45403,40.7,42.8,32,42,51.4,33.8,31.1,50.3,41.9
宮崎県 木城町,45404,64.7,80,50.6,80,64,61.7,52.2,49,80
宮崎県 川南町,45405,56.7,61.3,42.5,61.5,62.1,59.5,59.2,49.7,57.6
宮崎県 都農町,45406,49.8,40.8,42,80,66.1,40.2,34,52.7,43
宮崎県 門川町,45421,58.8,53.4,56.3,65.4,74.4,57.3,55.8,50.5,57.3
宮崎県 諸塚村,45429,41.5,41.3,34.8,42,58.3,42.6,23.1,50.8,39.2
宮崎県 椎葉村,45430,45.5,45.9,44.4,53.8,58.4,43.9,36.9,41.1,39.4
宮崎県 美郷町,45431,52.3,43.4,76.4,49.6,75.9,40.1,32,44.8,56.4
宮崎県 高千穂町,45441,49,70.2,44.1,52.9,64.2,38.3,38.2,46.7,37.4
宮崎県 日之影町,45442,42.5,61.6,40.4,40.1,48.7,39.9,30.8,43.5,34.6
宮崎県 五ヶ瀬町,45443,47.1,80,41.8,40.4,43.6,46.6,33.3,48.9,42.1
鹿児島県 鹿児島市,46201,49.8,41.9,51,46.9,39.4,54.9,57.6,50.5,56
鹿児島県 鹿屋市,46203,61.3,74.6,57.2,48.4,75.6,56.9,48.8,48.7,80
鹿児島県 枕崎市,46204,50.6,49.5,48.2,46.6,74.1,43.3,35.2,44.6,63
鹿児島県 阿久根市,46206,52.7,55.5,58.9,41.9,62.6,44.3,33.3,48.3,77.2
鹿児島県 出水市,46208,53.6,46.7,54.4,56.8,58.2,46,40.4,49.5,76.7
鹿児島県 指宿市,46210,50,47.4,48.2,47.2,64.8,44.6,38.3,48.6,60.9
鹿児島県 西之表市,46213,50.1,41.4,47.8,44.8,67.8,44.2,42.4,47.7,64.9
鹿児島県 垂水市,46214,52.4,67,52.5,52.7,71.1,43.7,20,46.3,66.3
鹿児島県 薩摩川内市,46215,53,59.6,51.3,45.1,40.3,54.3,44,49.9,79.4
鹿児島県 日置市,46216,54.8,65.8,60.8,53.7,39.3,51.8,35.5,51.4,80
鹿児島県 曽於市,46217,57,49.6,57.4,67.9,80,51.7,38.2,46,65
鹿児島県 霧島市,46218,68.5,80,79.3,72.2,55.6,68.2,56.7,55.7,80
鹿児島県 いちき串木野市,46219,47.3,48.1,49.6,42.3,45.1,40.3,34.5,43.9,74.5
鹿児島県 南さつま市,46220,49.1,46.2,49.3,46.7,52.3,42.7,29.4,48.7,77.6
鹿児島県 志布志市,46221,62.8,80,64.3,53.7,80,54.3,44,47.6,78.8
鹿児島県 奄美市,46222,42.7,34.8,46.3,42.5,49.4,40.5,28.3,44.5,55.5
鹿児島県 南九州市,46223,53.4,49.8,62.1,44.2,66.4,52.3,35.4,43.7,73.2
鹿児島県 伊佐市,46224,50.1,52.9,49.3,45.5,52.5,41.8,32,49.2,77.6
鹿児島県 姶良市,46225,58.1,44.9,71.9,55.6,44.1,65.5,61.2,49.2,72.5
鹿児島県 三島村,46303,46.9,39.3,37.4,42,80,37.8,49.2,59.2,29.9
鹿児島県 十島村,46304,43.2,39.3,44,42,80,34.6,22,49.1,34.2
鹿児島県 さつま町,46392,52.2,80,46.2,43.4,65.1,42.6,35.8,48,56.6
鹿児島県 長島町,46404,62.8,80,80,57.3,80,45.1,33.3,49.2,77.2
鹿児島県 湧水町,46452,58.8,80,61.3,63.8,56.9,49.8,39.2,44.6,74.6
鹿児島県 大崎町,46468,51.9,50.8,42.6,60.6,61.1,49.5,41.3,49.7,59.5
鹿児島県 東串良町,46482,61,44.9,67.2,74,80,49.6,41,51.5,80
鹿児島県 錦江町,46490,47.7,41.1,53.6,45.3,80,36.9,28.6,41.3,54.5
鹿児島県 南大隅町,46491,48.6,47.5,42.3,42.3,80,42.1,34.3,40.3,60.2
鹿児島県 肝付町,46492,51.6,57.5,47.2,56,56.4,46.7,33.7,44.9,70.4
鹿児島県 中種子町,46501,46.9,39.4,53.5,46.4,60.4,40.2,30.3,44,61.2
鹿児島県 南種子町,46502,50.9,45.2,51.6,62.7,58.7,47.4,37.6,47.8,56.6
鹿児島県 屋久島町,46505,53.5,44.5,61.4,48.1,73.6,47.3,45.8,45.1,61.9
鹿児島県 大和村,46523,53.4,71.8,41.2,42,80,39.6,44,51.5,57.4
鹿児島県 宇検村,46524,47.7,39.1,37.5,42,77.5,40.8,34.4,40.9,69.7
鹿児島県 瀬戸内町,46525,42.2,44.6,41.2,42.1,38.5,36.3,20,44.5,70.3
鹿児島県 龍郷町,46527,62.5,80,80,58.6,53.2,57.9,35,55.1,80
鹿児島県 喜界町,46529,49.7,39.5,64.1,45,55.3,48.3,37.2,41,67.3
鹿児島県 徳之島町,46530,53,41.1,51.4,46.8,72.4,55.9,54.3,46.5,55.7
鹿児島県 天城町,46531,49.1,35.9,50.4,40.9,69.2,50.7,47.2,37.7,60.9
鹿児島県 伊仙町,46532,44.8,41.6,41.8,40.3,78.9,41.5,26.6,31.9,56
鹿児島県 和泊町,46533,57.1,38.3,56.6,74,80,59.3,51,44.2,53.4
鹿児島県 知名町,46534,52.8,46.4,46.9,43.8,80,57.5,45.2,42.1,60.8
鹿児島県 与論町,46535,45.7,35.6,53.2,55.8,80,40.6,20,36,44.8
沖縄県 那覇市,47201,45.5,37.5,48.9,45,20,51.7,46.7,52.2,62.2
沖縄県 宜野湾市,47205,60.3,37.9,66.1,69.4,25.8,80,68,55,80
沖縄県 石垣市,47207,67,44.5,71.9,64.5,80,80,65.5,49.8,80
沖縄県 浦添市,47208,63.5,49.4,62.1,77.7,22.1,80,80,56.6,80
沖縄県 名護市,47209,56.9,43.4,67,53.9,56.2,67.3,54,50.3,62.8
沖縄県 糸満市,47210,71.9,80,80,80,46.3,80,71,57.7,80
沖縄県 沖縄市,47211,59.4,62,57.2,46.9,66.7,61.6,44.4,56.2,80
沖縄県 豊見城市,47212,69.2,42,80,80,54.2,80,80,57.6,80
沖縄県 うるま市,47213,60,35.3,80,51.9,51.4,78.4,62.2,58.7,61.8
沖縄県 宮古島市,47214,57.7,44.4,59.3,50.9,65.1,64.8,56.5,40.5,80
沖縄県 南城市,47215,70.5,80,80,70.4,58.4,80,59,55.8,80
沖縄県 国頭村,47301,55.8,37.5,35.3,48,80,59.8,58.7,54.9,71.9
沖縄県 大宜味村,47302,53.3,35.5,33.4,43.2,80,58,65.4,47,64.1
沖縄県 東村,47303,54.2,39.3,32.4,42,80,52.3,49.6,80,57.9
沖縄県 今帰仁村,47306,50.5,35.7,44.5,44.4,80,50.1,44,58.5,46.5
沖縄県 本部町,47308,47.9,45.2,48.4,43.9,59.5,58.8,42.3,41,44.2
沖縄県 恩納村,47311,73.5,80,67.8,80,77.8,80,72,65.8,65
沖縄県 宜野座村,47313,59.6,39.2,41.4,41,63.6,80,76.2,55.1,80
沖縄県 金武町,47314,54.5,45.5,46.1,42.6,80,56.9,43.2,59.1,62.6
沖縄県 伊江村,47315,59.6,36.2,80,49.8,80,63.2,65,53.6,49.1
沖縄県 読谷村,47324,69.3,80,80,45.3,64.5,80,68.5,56.1,80
沖縄県 嘉手納町,47325,47.2,36,51.8,47.5,31.6,59.5,35.3,53.2,62.4
沖縄県 北谷町,47326,63.9,36.6,80,80,20,80,80,54.9,80
沖縄県 北中城村,47327,55.6,35.1,80,41.8,26.4,68.7,80,55.3,57.6
沖縄県 中城村,47328,65.4,34.9,77,80,34.2,80,80,70.3,66.5
沖縄県 西原町,47329,64.4,55.4,80,80,37.6,80,80,58.6,43.9
沖縄県 与那原町,47348,56.3,40.3,57.9,46.4,51.2,69.6,53.3,53.5,78.4
沖縄県 南風原町,47350,66.9,40.3,80,80,40.6,80,80,54.6,80
沖縄県 渡嘉敷村,47353,58.4,39.3,80,42,20.9,80,80,66.1,59
沖縄県 座間味村,47354,59,39.3,80,42,28.2,80,80,42.9,80
沖縄県 粟国村,47355,55.1,38,38.4,42,52.7,76.3,68.9,44.2,80
沖縄県 渡名喜村,47356,41.6,39.3,40.1,42,23.1,38,42.9,43.8,63.4
沖縄県 南大東村,47357,46.8,37.2,35.2,43.1,36.5,52.7,59.2,55.5,55.1
沖縄県 北大東村,47358,53,39.3,45.6,42,36.3,67.9,80,53.9,59.2
沖縄県 伊平屋村,47359,57.8,43.3,80,42,38.9,63.3,73.5,51.3,70
沖縄県 伊是名村,47360,43,37.3,30.5,42.6,47.5,48,37,44.7,56.5
沖縄県 久米島町,47361,59.8,58.9,80,47,48,60.2,52.3,51.7,80
沖縄県 八重瀬町,47362,74.7,80,80,80,65.7,80,69.8,62.1,80
沖縄県 多良間村,47375,65.3,72.9,80,42,80,49.1,72.8,45.6,80
沖縄県 竹富町,47381,62.7,42.3,58.2,42,80,80,80,46.7,72
沖縄県 与那国町,47382,66.8,55.8,59,48.1,80,63.7,80,71.5,76.2